target tetha 1,target tetha 2,target tetha 3,target tetha 4,robot tetha 1,robot tetha 2,robot tetha 3,robot tetha 4,target kecepatan tetha1,target kecepatan tetha2,target kecepatan tetha3,target kecepatan tetha4,robot kecepatan tetha 1,robot kecepatan tetha 2,robot kecepatan tetha 3,robot kecepatan tetha 4,target percepatan tetha 1,target percepatan tetha 2,target percepatan tetha 3,target percepatan tetha 4,robot percepatan tetha 1,robot percepatan tetha 2,robot percepatan tetha 3,robot percepatan tetha 4
0.30383622646331787,0.0005932585336267948,-52.74808120727539,106.88361358642578,0.4333333373069763,0.20571428537368774,-52.79999923706055,106.98603820800781,1.8231,0.0036,-316.5011,641.3273,2.6001,1.2343,-316.8127,641.9419,0.0,0.0,0.0,0.0,0.156,0.0741,-19.0095,38.5181
0.00212577311322093,1.3623568939635788e-09,-52.74518966674805,106.8808364868164,0.4333333373069763,0.20571428537368774,-52.79999923706055,106.98603820800781,-1.8103,-0.0036,0.0173,-0.0167,0.0,0.0,0.0,0.0,-0.1094,-0.0002,18.9908,-38.4812,-0.156,-0.0741,19.0095,-38.5181
4.427650310390163e-06,3.0253577421035516e-15,-52.742130279541016,106.87798309326172,0.4333333373069763,0.20571428537368774,-52.79999923706055,106.98603820800781,-0.0127,-0.0,0.0184,-0.0171,0.0,0.0,0.0,0.0,0.1021,0.0002,1.1385,-2.308,0.0,0.0,0.0,0.0
9.215094465275797e-09,0.0,-52.73889923095703,106.87504577636719,0.4333333373069763,0.20571428537368774,-52.79999923706055,106.98603820800781,-0.0,-0.0,0.0194,-0.0176,0.0,0.0,0.0,0.0,0.0069,0.0,0.0672,-0.1375,0.0,0.0,0.0,0.0
1.9101276116373356e-11,0.0,-52.73548889160156,106.87203216552734,0.4333333373069763,0.20571428537368774,-52.79999923706055,106.98603820800781,-0.0,0.0,0.0205,-0.0181,0.0,0.0,0.0,0.0,0.0004,0.0,0.0029,-0.0072,0.0,0.0,0.0,0.0
4.3021142204224816e-14,0.0,-52.731937408447266,106.86897277832031,0.4333333373069763,0.20571428537368774,-52.79999923706055,106.98603820800781,-0.0,0.0,0.0213,-0.0184,0.0,0.0,0.0,0.0,0.0,0.0,-0.0011,0.0007,0.0,0.0,0.0,0.0
1.1102230246251565e-16,0.0,-52.72815704345703,106.86580657958984,0.4333333373069763,0.20571428537368774,-52.79999923706055,106.98603820800781,-0.0,0.0,0.0227,-0.019,0.0,0.0,0.0,0.0,0.0,0.0,-0.0013,0.0011,0.0,0.0,0.0,0.0
0.0,0.0,-52.724159240722656,106.86255645751953,0.03333333507180214,0.20571428537368774,-52.79999923706055,107.00718688964844,-0.0,0.0,0.024,-0.0195,-2.4001,0.0,0.0,0.1269,0.0,0.0,-0.0014,0.0012,-0.144,0.0,0.0,0.0076
0.0,0.0,-52.71994400024414,106.85921478271484,0.03333333507180214,0.20571428537368774,-52.79999923706055,107.00718688964844,0.0,0.0,0.0253,-0.0201,0.0,0.0,0.0,0.0,0.0,0.0,-0.0015,0.0012,0.144,0.0,0.0,-0.0076
0.0,0.0,-52.71549987792969,106.85578155517578,-0.03333333507180214,0.20571428537368774,-52.79999923706055,106.98603820800781,0.0,0.0,0.0267,-0.0206,-0.4,0.0,0.0,-0.1269,0.0,0.0,-0.0016,0.0013,-0.024,0.0,0.0,-0.0076
0.0,0.0,-52.71080017089844,106.85225677490234,-0.06666667014360428,0.20571428537368774,-52.79999923706055,106.98603820800781,0.0,0.0,0.0282,-0.0211,-0.2,0.0,0.0,0.0,0.0,0.0,-0.0017,0.0013,0.012,0.0,0.0,0.0076
0.0,0.0,-52.705848693847656,106.84864044189453,-0.06666667014360428,0.20571428537368774,-52.79999923706055,106.98603820800781,0.0,0.0,0.0297,-0.0217,0.0,0.0,0.0,0.0,0.0,0.0,-0.0018,0.0013,0.012,0.0,0.0,0.0
0.0,0.0,-52.70062255859375,106.84492492675781,-0.10000000149011612,0.20571428537368774,-52.79999923706055,106.98603820800781,0.0,0.0,0.0314,-0.0223,-0.2,0.0,0.0,0.0,0.0,0.0,-0.0019,0.0014,-0.012,0.0,0.0,0.0
0.0,0.0,-52.69511795043945,106.84112548828125,-0.06666667014360428,0.20571428537368774,-52.79999923706055,106.98603820800781,0.0,0.0,0.033,-0.0228,0.2,0.0,0.0,0.0,0.0,0.0,-0.002,0.0014,0.024,0.0,0.0,0.0
0.0,0.0,-52.68928527832031,106.83719635009766,-0.06666667014360428,0.20571428537368774,-52.79999923706055,106.98603820800781,0.0,0.0,0.035,-0.0236,0.0,0.0,0.0,0.0,0.0,0.0,-0.0021,0.0015,-0.012,0.0,0.0,0.0
0.0,0.0,-52.683128356933594,106.83316802978516,-0.03333333507180214,0.20571428537368774,-52.79999923706055,106.98603820800781,0.0,0.0,0.0369,-0.0242,0.2,0.0,0.0,0.0,0.0,0.0,-0.0022,0.0015,0.012,0.0,0.0,0.0
0.0,0.0,-52.6766471862793,106.82903289794922,-0.03333333507180214,0.20571428537368774,-52.79999923706055,106.98603820800781,0.0,0.0,0.0389,-0.0248,0.0,0.0,0.0,0.0,0.0,0.0,-0.0023,0.0015,-0.012,0.0,0.0,0.0
0.0,0.0,-52.66972732543945,106.82474517822266,-0.03333333507180214,0.20571428537368774,-52.79999923706055,106.98603820800781,0.0,0.0,0.0415,-0.0257,0.0,0.0,0.0,0.0,0.0,0.0,-0.0025,0.0016,0.0,0.0,0.0,0.0
0.0,0.0,-52.66258239746094,106.8204345703125,-0.03333333507180214,0.20571428537368774,-52.79999923706055,106.98603820800781,0.0,0.0,0.0429,-0.0259,0.0,0.0,0.0,0.0,0.0,0.0,-0.0026,0.0016,0.0,0.0,0.0,0.0
0.0,0.0,-52.65493392944336,106.8159408569336,-0.06666667014360428,0.20571428537368774,-52.79999923706055,106.98603820800781,0.0,0.0,0.0459,-0.027,-0.2,0.0,0.0,0.0,0.0,0.0,-0.0027,0.0017,-0.012,0.0,0.0,0.0
0.0,0.0,-52.64688491821289,106.81134796142578,-0.06666667014360428,0.20571428537368774,-52.79999923706055,106.98603820800781,0.0,0.0,0.0483,-0.0276,0.0,0.0,0.0,0.0,0.0,0.0,-0.0029,0.0017,0.012,0.0,0.0,0.0
0.0,0.0,-52.638404846191406,106.80663299560547,-0.06666667014360428,0.20571428537368774,-52.79999923706055,106.98603820800781,0.0,0.0,0.0509,-0.0283,0.0,0.0,0.0,0.0,0.0,0.0,-0.0031,0.0018,0.0,0.0,0.0,0.0
0.0,0.0,-52.62942123413086,106.80176544189453,-0.03333333507180214,0.20571428537368774,-52.79999923706055,106.98603820800781,0.0,0.0,0.0539,-0.0292,0.2,0.0,0.0,0.0,0.0,0.0,-0.0032,0.0018,0.012,0.0,0.0,0.0
0.0,0.0,-52.6199836730957,106.79679870605469,-0.03333333507180214,0.20571428537368774,-52.79999923706055,106.98603820800781,0.0,0.0,0.0566,-0.0298,0.0,0.0,0.0,0.0,0.0,0.0,-0.0034,0.0019,-0.012,0.0,0.0,0.0
0.0,0.0,-52.61000061035156,106.79167938232422,-0.03333333507180214,0.20571428537368774,-52.79999923706055,106.98603820800781,0.0,0.0,0.0599,-0.0307,0.0,0.0,0.0,0.0,0.0,0.0,-0.0036,0.0019,0.0,0.0,0.0,0.0
0.0,0.0,-52.599388122558594,106.78639221191406,-0.03333333507180214,0.20571428537368774,-52.79999923706055,106.98603820800781,0.0,0.0,0.0637,-0.0317,0.0,0.0,0.0,0.0,0.0,0.0,-0.0038,0.002,0.0,0.0,0.0,0.0
0.0,0.0,-52.58830642700195,106.781005859375,-0.03333333507180214,0.20571428537368774,-52.79999923706055,106.98603820800781,0.0,0.0,0.0665,-0.0323,0.0,0.0,0.0,0.0,0.0,0.0,-0.0041,0.002,0.0,0.0,0.0,0.0
0.0,0.0,-52.5765266418457,106.77544403076172,-0.03333333507180214,0.20571428537368774,-52.79999923706055,106.98603820800781,0.0,0.0,0.0707,-0.0334,0.0,0.0,0.0,0.0,0.0,0.0,-0.0042,0.0021,0.0,0.0,0.0,0.0
0.0,0.0,-52.564109802246094,106.76973724365234,-0.03333333507180214,0.20571428537368774,-52.79999923706055,106.98603820800781,0.0,0.0,0.0745,-0.0342,0.0,0.0,0.0,0.0,0.0,0.0,-0.0045,0.0021,0.0,0.0,0.0,0.0
0.0,0.0,-52.55115509033203,106.7639389038086,-0.03333333507180214,0.20571428537368774,-52.79999923706055,106.98603820800781,0.0,0.0,0.0777,-0.0348,0.0,0.0,0.0,0.0,0.0,0.0,-0.0047,0.0022,0.0,0.0,0.0,0.0
0.0,0.0,-52.537418365478516,106.75794982910156,-0.03333333507180214,0.20571428537368774,-52.79999923706055,106.98603820800781,0.0,0.0,0.0824,-0.0359,0.0,0.0,0.0,0.0,0.0,0.0,-0.0049,0.0022,0.0,0.0,0.0,0.0
0.0,0.0,-52.52279281616211,106.75174713134766,-0.03333333507180214,0.20571428537368774,-52.79999923706055,106.98603820800781,0.0,0.0,0.0878,-0.0372,0.0,0.0,0.0,0.0,0.0,0.0,-0.0052,0.0023,0.0,0.0,0.0,0.0
0.0,0.0,-52.50748825073242,106.74542999267578,-0.03333333507180214,0.20571428537368774,-52.79999923706055,106.98603820800781,0.0,0.0,0.0918,-0.0379,0.0,0.0,0.0,0.0,0.0,0.0,-0.0056,0.0024,0.0,0.0,0.0,0.0
0.0,0.0,-52.491371154785156,106.73895263671875,-0.06666667014360428,0.20571428537368774,-52.79999923706055,106.98603820800781,0.0,0.0,0.0967,-0.0389,-0.2,0.0,0.0,0.0,0.0,0.0,-0.0058,0.0024,-0.012,0.0,0.0,0.0
0.0,0.0,-52.47428512573242,106.73226928710938,-0.06666667014360428,0.20571428537368774,-52.79999923706055,106.98603820800781,0.0,0.0,0.1025,-0.0401,0.0,0.0,0.0,0.0,0.0,0.0,-0.0062,0.0025,0.012,0.0,0.0,0.0
0.0,0.0,-52.45623779296875,106.72540283203125,-0.06666667014360428,0.20571428537368774,-52.79999923706055,106.98603820800781,0.0,0.0,0.1083,-0.0412,0.0,0.0,0.0,0.0,0.0,0.0,-0.0065,0.0026,0.0,0.0,0.0,0.0
0.0,0.0,-52.437320709228516,106.7183837890625,-0.03333333507180214,0.20571428537368774,-52.79999923706055,106.98603820800781,0.0,0.0,0.1135,-0.0421,0.2,0.0,0.0,0.0,0.0,0.0,-0.0069,0.0026,0.012,0.0,0.0,0.0
0.0,0.0,-52.417293548583984,106.7111587524414,-0.03333333507180214,0.20571428537368774,-52.79999923706055,106.98603820800781,0.0,0.0,0.1202,-0.0434,0.0,0.0,0.0,0.0,0.0,0.0,-0.0072,0.0027,-0.012,0.0,0.0,0.0
0.0,0.0,-52.396080017089844,106.70370483398438,-0.03333333507180214,0.20571428537368774,-52.79999923706055,106.98603820800781,0.0,0.0,0.1273,-0.0447,0.0,0.0,0.0,0.0,0.0,0.0,-0.0076,0.0028,0.0,0.0,0.0,0.0
0.0,0.0,-52.37380599975586,106.69608306884766,-0.03333333507180214,0.20571428537368774,-52.79999923706055,106.98603820800781,0.0,0.0,0.1336,-0.0457,0.0,0.0,0.0,0.0,0.0,0.0,-0.0081,0.0029,0.0,0.0,0.0,0.0
0.0,0.0,-52.35029983520508,106.68824768066406,-0.06666667014360428,0.20571428537368774,-52.79999923706055,107.00718688964844,0.0,0.0,0.141,-0.047,-0.2,0.0,0.0,0.1269,0.0,0.0,-0.0085,0.0029,-0.012,0.0,0.0,0.0076
0.0,0.0,-52.3255615234375,106.68022155761719,-0.06666667014360428,0.20571428537368774,-52.79999923706055,107.00718688964844,0.0,0.0,0.1484,-0.0482,0.0,0.0,0.0,0.0,0.0,0.0,-0.009,0.003,0.012,0.0,0.0,-0.0076
0.0,0.0,-52.299381256103516,106.67195129394531,-0.06666667014360428,0.20571428537368774,-52.79999923706055,107.00718688964844,0.0,0.0,0.1571,-0.0496,0.0,0.0,0.0,0.0,0.0,0.0,-0.0094,0.0031,0.0,0.0,0.0,0.0
0.0,0.0,-52.27177047729492,106.66345977783203,-0.03333333507180214,0.20571428537368774,-52.79999923706055,107.00718688964844,0.0,0.0,0.1657,-0.051,0.2,0.0,0.0,0.0,0.0,0.0,-0.01,0.0032,0.012,0.0,0.0,0.0
0.0,0.0,-52.242774963378906,106.65477752685547,-0.03333333507180214,0.20571428537368774,-52.79999923706055,107.00718688964844,0.0,0.0,0.174,-0.0521,0.0,0.0,0.0,0.0,0.0,0.0,-0.0105,0.0033,-0.012,0.0,0.0,0.0
0.0,0.0,-52.212093353271484,106.64582061767578,-0.03333333507180214,0.20571428537368774,-52.79999923706055,106.68997192382812,0.0,0.0,0.1841,-0.0537,0.0,0.0,0.0,-1.9034,0.0,0.0,-0.0111,0.0033,0.0,0.0,0.0,-0.1142
0.0,0.0,-52.179744720458984,106.63662719726562,-0.06666667014360428,0.20571428537368774,-52.79999923706055,106.71112060546875,0.0,0.0,0.1941,-0.0552,-0.2,0.0,0.0,0.1269,0.0,0.0,-0.0117,0.0034,-0.012,0.0,0.0,0.1218
0.0,0.0,-52.1456184387207,106.62718200683594,-0.06666667014360428,0.20571428537368774,-52.79999923706055,106.71112060546875,0.0,0.0,0.2048,-0.0567,0.0,0.0,0.0,0.0,0.0,0.0,-0.0123,0.0035,0.012,0.0,0.0,-0.0076
0.0,0.0,-52.10976028442383,106.61750793457031,-0.06666667014360428,0.20571428537368774,-52.79999923706055,106.71112060546875,0.0,0.0,0.2152,-0.058,0.0,0.0,0.0,0.0,0.0,0.0,-0.013,0.0036,0.0,0.0,0.0,0.0
0.0,0.0,-52.07194519042969,106.60757446289062,-0.03333333507180214,0.20571428537368774,-52.79999923706055,106.71112060546875,0.0,0.0,0.2269,-0.0596,0.2,0.0,0.0,0.0,0.0,0.0,-0.0137,0.0037,0.012,0.0,0.0,0.0
0.0,0.0,-52.03166961669922,106.5972671508789,-0.03333333507180214,0.20571428537368774,-52.79999923706055,106.71112060546875,0.0,0.0,0.2417,-0.0618,0.0,0.0,0.0,0.0,0.0,0.0,-0.0144,0.0038,-0.012,0.0,0.0,0.0
0.0,0.0,-51.98992156982422,106.58685302734375,-0.03333333507180214,0.20571428537368774,-52.76712417602539,106.71112060546875,0.0,0.0,0.2505,-0.0625,0.0,0.0,0.1973,0.0,0.0,0.0,-0.0154,0.0039,0.0,0.0,0.0118,0.0
0.0,0.0,-51.945457458496094,106.5760498046875,-0.03333333507180214,0.20571428537368774,-52.76712417602539,106.71112060546875,0.0,0.0,0.2668,-0.0648,0.0,0.0,0.0,0.0,0.0,0.0,-0.016,0.004,0.0,0.0,-0.0118,0.0
0.0,0.0,-51.898738861083984,106.56498718261719,-0.03333333507180214,0.20571428537368774,-52.76712417602539,106.71112060546875,0.0,0.0,0.2803,-0.0664,0.0,0.0,0.0,0.0,0.0,0.0,-0.017,0.0041,0.0,0.0,0.0,0.0
0.0,0.0,-51.849849700927734,106.55370330810547,-0.06666667014360428,0.20571428537368774,-52.76712417602539,106.71112060546875,0.0,0.0,0.2933,-0.0677,-0.2,0.0,0.0,0.0,0.0,0.0,-0.0178,0.0042,-0.012,0.0,0.0,0.0
0.0,0.0,-51.79793167114258,106.5420150756836,-0.03333333507180214,0.20571428537368774,-52.76712417602539,106.71112060546875,0.0,0.0,0.3115,-0.0701,0.2,0.0,0.0,0.0,0.0,0.0,-0.0187,0.0043,0.024,0.0,0.0,0.0
0.0,0.0,-51.74338150024414,106.5300521850586,-0.03333333507180214,0.20571428537368774,-52.76712417602539,106.71112060546875,0.0,0.0,0.3273,-0.0718,0.0,0.0,0.0,0.0,0.0,0.0,-0.0198,0.0045,-0.012,0.0,0.0,0.0
0.0,0.0,-51.68588638305664,106.51775360107422,-0.03333333507180214,0.20571428537368774,-52.76712417602539,106.71112060546875,0.0,0.0,0.345,-0.0738,0.0,0.0,0.0,0.0,0.0,0.0,-0.0208,0.0046,0.0,0.0,0.0,0.0
0.0,0.0,-51.62538528442383,106.50513458251953,-0.03333333507180214,0.20571428537368774,-52.76712417602539,106.71112060546875,0.0,0.0,0.363,-0.0757,0.0,0.0,0.0,0.0,0.0,0.0,-0.0219,0.0047,0.0,0.0,0.0,0.0
0.0,0.0,-51.56156921386719,106.49215698242188,-0.03333333507180214,0.20571428537368774,-52.76712417602539,106.71112060546875,0.0,0.0,0.3829,-0.0779,0.0,0.0,0.0,0.0,0.0,0.0,-0.0231,0.0048,0.0,0.0,0.0,0.0
0.0,0.0,-51.494449615478516,106.47884368896484,-0.06666667014360428,0.20571428537368774,-52.76712417602539,106.71112060546875,0.0,0.0,0.4027,-0.0799,-0.2,0.0,0.0,0.0,0.0,0.0,-0.0244,0.005,-0.012,0.0,0.0,0.0
0.0,0.0,-51.42380905151367,106.46517944335938,-0.06666667014360428,0.20571428537368774,-52.76712417602539,106.71112060546875,0.0,0.0,0.4239,-0.082,0.0,0.0,0.0,0.0,0.0,0.0,-0.0256,0.0051,0.012,0.0,0.0,0.0
0.0,0.0,-51.349483489990234,106.4511489868164,-0.06666667014360428,0.20571428537368774,-52.76712417602539,106.71112060546875,0.0,0.0,0.446,-0.0842,0.0,0.0,0.0,0.0,0.0,0.0,-0.027,0.0052,0.0,0.0,0.0,0.0
0.0,0.0,-51.271278381347656,106.4367446899414,-0.06666667014360428,0.20571428537368774,-52.73424530029297,106.71112060546875,0.0,0.0,0.4692,-0.0864,0.0,0.0,0.1973,0.0,0.0,0.0,-0.0284,0.0054,0.0,0.0,0.0118,0.0
0.0,0.0,-51.18876266479492,106.42191314697266,-0.03333333507180214,0.20571428537368774,-52.73424530029297,106.71112060546875,0.0,0.0,0.4951,-0.089,0.2,0.0,0.0,0.0,0.0,0.0,-0.0299,0.0055,0.012,0.0,-0.0118,0.0
0.0,0.0,-51.10236740112305,106.40675354003906,-0.03333333507180214,0.20571428537368774,-52.73424530029297,106.71112060546875,0.0,0.0,0.5184,-0.091,0.0,0.0,0.0,0.0,0.0,0.0,-0.0315,0.0057,-0.012,0.0,0.0,0.0
0.0,0.0,-51.0112190246582,106.39114379882812,-0.03333333507180214,0.20571428537368774,-52.73424530029297,106.71112060546875,0.0,0.0,0.5469,-0.0937,0.0,0.0,0.0,0.0,0.0,0.0,-0.033,0.0058,0.0,0.0,0.0,0.0
0.0,0.0,-50.91550064086914,106.37512969970703,-0.03333333507180214,0.20571428537368774,-52.73424530029297,106.71112060546875,0.0,0.0,0.5743,-0.0961,0.0,0.0,0.0,0.0,0.0,0.0,-0.0348,0.006,0.0,0.0,0.0,0.0
0.0,0.0,-50.81473922729492,106.35867309570312,-0.03333333507180214,0.20571428537368774,-52.73424530029297,106.71112060546875,0.0,0.0,0.6046,-0.0987,0.0,0.0,0.0,0.0,0.0,0.0,-0.0365,0.0061,0.0,0.0,0.0,0.0
0.0,0.0,-50.708465576171875,106.34171295166016,-0.06666667014360428,0.20571428537368774,-52.73424530029297,106.71112060546875,0.0,0.0,0.6377,-0.1018,-0.2,0.0,0.0,0.0,0.0,0.0,-0.0385,0.0063,-0.012,0.0,0.0,0.0
0.0,0.0,-50.597694396972656,106.32444763183594,-0.03333333507180214,0.20571428537368774,-52.73424530029297,106.43620300292969,0.0,0.0,0.6647,-0.1036,0.2,0.0,0.0,-1.6496,0.0,0.0,-0.0406,0.0065,0.024,0.0,0.0,-0.099
0.0,0.0,-50.48106384277344,106.30667114257812,-0.03333333507180214,0.20571428537368774,-52.73424530029297,106.39390563964844,0.0,0.0,0.6998,-0.1067,0.0,0.0,0.0,-0.2538,0.0,0.0,-0.0423,0.0066,-0.012,0.0,0.0,0.0838
0.0,0.0,-50.35844421386719,106.28840637207031,-0.06666667014360428,0.20571428537368774,-52.70137023925781,106.39390563964844,0.0,0.0,0.7357,-0.1096,-0.2,0.0,0.1973,0.0,0.0,0.0,-0.0445,0.0068,-0.012,0.0,0.0118,0.0152
0.0,0.0,-50.22884750366211,106.26953125,-0.06666667014360428,0.20571428537368774,-52.66849136352539,106.39390563964844,0.0,0.0,0.7776,-0.1133,0.0,0.0,0.1973,0.0,0.0,0.0,-0.0468,0.007,0.012,0.0,-0.0,0.0
0.0,0.0,-50.09440994262695,106.25038146972656,-0.03333333507180214,0.20571428537368774,-52.66849136352539,106.39390563964844,0.0,0.0,0.8067,-0.1149,0.2,0.0,0.0,0.0,0.0,0.0,-0.0495,0.0072,0.012,0.0,-0.0118,0.0
0.0,0.0,-49.95273208618164,106.23063659667969,-0.03333333507180214,0.20571428537368774,-52.635616302490234,106.41505432128906,0.0,0.0,0.8501,-0.1185,0.0,0.0,0.1973,0.1269,0.0,0.0,-0.0514,0.0073,-0.012,0.0,0.0118,0.0076
0.0,0.0,-49.80341720581055,106.21026611328125,-0.03333333507180214,0.20571428537368774,-52.635616302490234,106.39390563964844,0.0,0.0,0.8959,-0.1222,0.0,0.0,0.0,-0.1269,0.0,0.0,-0.0541,0.0075,0.0,0.0,-0.0118,-0.0152
0.0,0.0,-49.646514892578125,106.18931579589844,-0.03333333507180214,0.20571428537368774,-52.60274124145508,106.41505432128906,0.0,0.0,0.9415,-0.1257,0.0,0.0,0.1973,0.1269,0.0,0.0,-0.057,0.0078,0.0,0.0,0.0118,0.0152
0.0,0.0,-49.4838981628418,106.16805267333984,-0.06666667014360428,0.20571428537368774,-52.5369873046875,106.41505432128906,0.0,0.0,0.9757,-0.1276,-0.2,0.0,0.3945,0.0,0.0,0.0,-0.0599,0.008,-0.012,0.0,0.0118,-0.0076
0.0,0.0,-49.31268310546875,106.1461181640625,-0.06666667014360428,0.20571428537368774,-52.27397155761719,106.41505432128906,0.0,0.0,1.0273,-0.1316,0.0,0.0,1.5782,0.0,0.0,0.0,-0.0621,0.0081,0.012,0.0,0.071,0.0
0.0,0.0,-49.133338928222656,106.12360382080078,-0.06666667014360428,0.20571428537368774,-51.94520568847656,106.41505432128906,0.0,0.0,1.0761,-0.1351,0.0,0.0,1.9727,0.0,0.0,0.0,-0.0654,0.0084,0.0,0.0,0.0237,0.0
0.0,0.0,-48.94440841674805,106.10034942626953,-0.10000000149011612,0.20571428537368774,-51.38630294799805,106.41505432128906,0.0,0.0,1.1336,-0.1395,-0.2,0.0,3.3536,0.0,0.0,0.0,-0.0685,0.0086,-0.012,0.0,0.0829,0.0
0.0,0.0,-48.74711990356445,106.0765380859375,-0.10000000149011612,0.20571428537368774,-50.76164245605469,106.41505432128906,0.0,0.0,1.1838,-0.1429,0.0,0.0,3.7481,0.0,0.0,0.0,-0.0721,0.0089,0.012,0.0,0.0237,0.0
0.0,0.0,-48.54194641113281,106.05223846435547,-0.06666667014360428,0.20571428537368774,-50.597259521484375,106.41505432128906,0.0,0.0,1.2311,-0.1458,0.2,0.0,0.9863,0.0,0.0,0.0,-0.0754,0.0091,0.012,0.0,-0.1657,0.0
0.0,0.0,-48.32558822631836,106.02708435058594,0.0,0.20571428537368774,-50.10411071777344,106.41505432128906,0.0,0.0,1.2982,-0.1509,0.4,0.0,2.959,0.0,0.0,0.0,-0.0784,0.0093,0.012,0.0,0.1184,0.0
0.0,0.0,-48.100486755371094,106.00138092041016,0.0,0.20571428537368774,-49.67671203613281,106.41505432128906,0.0,0.0,1.3507,-0.1542,0.0,0.0,2.5645,0.0,0.0,0.0,-0.0826,0.0096,-0.024,0.0,-0.0237,0.0
0.0,0.0,-47.86433792114258,105.97489166259766,0.0,0.20571428537368774,-49.5123291015625,106.11898803710938,0.0,0.0,1.4169,-0.1589,0.0,0.0,0.9863,-1.7765,0.0,0.0,-0.086,0.0098,0.0,0.0,-0.0947,-0.1066
0.0,0.0,-47.61905288696289,105.94784545898438,-0.03333333507180214,0.20571428537368774,-49.183563232421875,106.0555419921875,0.0,0.0,1.4718,-0.1623,-0.2,0.0,1.9727,-0.3807,0.0,0.0,-0.0902,0.0101,-0.012,0.0,0.0592,0.0838
0.0,0.0,-47.36195755004883,105.91996002197266,-0.06666667014360428,0.20571428537368774,-48.854793548583984,106.07669067382812,0.0,0.0,1.5426,-0.1673,-0.2,0.0,1.9727,0.1269,0.0,0.0,-0.0937,0.0103,-0.0,0.0,-0.0,0.0305
0.0,0.0,-47.09550476074219,105.89152526855469,-0.06666667014360428,0.20571428537368774,-48.789039611816406,106.07669067382812,0.0,0.0,1.5988,-0.1706,0.0,0.0,0.3945,0.0,0.0,0.0,-0.0982,0.0107,0.012,0.0,-0.0947,-0.0076
0.0,0.0,-46.816307067871094,105.8621826171875,-0.06666667014360428,0.20571428537368774,-48.789039611816406,106.07669067382812,0.0,0.0,1.6753,-0.1761,0.0,0.0,0.0,0.0,0.0,0.0,-0.1018,0.0109,0.0,0.0,-0.0237,0.0
0.0,0.0,-46.525733947753906,105.83209991455078,-0.06666667014360428,0.20571428537368774,-48.3945198059082,106.09783935546875,0.0,0.0,1.7435,-0.1805,0.0,0.0,2.3672,0.1269,0.0,0.0,-0.1066,0.0112,0.0,0.0,0.142,0.0076
0.0,0.0,-46.22420883178711,105.80131530761719,-0.06666667014360428,0.20571428537368774,-48.328765869140625,106.09783935546875,0.0,0.0,1.8092,-0.1847,0.0,0.0,0.3945,0.0,0.0,0.0,-0.111,0.0115,0.0,0.0,-0.1184,-0.0076
0.0,0.0,-45.90909194946289,105.76958465576172,-0.06666667014360428,0.20571428537368774,-47.967124938964844,106.09783935546875,0.0,0.0,1.8908,-0.1904,0.0,0.0,2.1699,0.0,0.0,0.0,-0.1152,0.0118,0.0,0.0,0.1065,0.0
0.0,0.0,-45.57999801635742,105.73686981201172,-0.06666667014360428,0.20571428537368774,-47.53972625732422,106.09783935546875,0.0,0.0,1.9746,-0.1963,0.0,0.0,2.5645,0.0,0.0,0.0,-0.1204,0.0121,0.0,0.0,0.0237,0.0
0.0,0.0,-45.24113082885742,105.70359802246094,-0.03333333507180214,0.20571428537368774,-47.47397232055664,106.09783935546875,0.0,0.0,2.0333,-0.1996,0.2,0.0,0.3945,0.0,0.0,0.0,-0.1257,0.0125,0.012,0.0,-0.1302,0.0
0.0,0.0,-44.88804244995117,105.66931915283203,-0.06666667014360428,0.20571428537368774,-47.07945251464844,106.09783935546875,0.0,0.0,2.1186,-0.2057,-0.2,0.0,2.3672,0.0,0.0,0.0,-0.1295,0.0127,-0.024,0.0,0.1184,0.0
0.0,0.0,-44.52139663696289,105.63410186767578,-0.06666667014360428,0.20571428537368774,-46.71780776977539,106.07669067382812,0.0,0.0,2.2,-0.2113,0.0,0.0,2.17,-0.1269,0.0,0.0,-0.1349,0.0131,0.012,0.0,-0.0118,-0.0076
0.0,0.0,-44.13967514038086,105.59780883789062,-0.06666667014360428,0.20571428537368774,-46.619178771972656,105.8652114868164,0.0,0.0,2.2904,-0.2178,0.0,0.0,0.5918,-1.2689,0.0,0.0,-0.1401,0.0135,0.0,0.0,-0.0947,-0.0685
0.0,0.0,-43.7463493347168,105.56074523925781,-0.06666667014360428,0.20571428537368774,-46.158905029296875,105.75947570800781,0.0,0.0,2.36,-0.2224,0.0,0.0,2.7618,-0.6344,0.0,0.0,-0.1458,0.0139,0.0,0.0,0.1302,0.0381
0.0,0.0,-43.33742904663086,105.52253723144531,-0.06666667014360428,0.20571428537368774,-45.698631286621094,105.78062438964844,0.0,0.0,2.4536,-0.2293,0.0,0.0,2.7618,0.1269,0.0,0.0,-0.1504,0.0142,0.0,0.0,-0.0,0.0457
0.0,0.0,-42.91975402832031,105.48379516601562,-0.06666667014360428,0.20571428537368774,-45.599998474121094,105.80177307128906,0.0,0.0,2.5062,-0.2325,0.0,0.0,0.5918,0.1269,0.0,0.0,-0.1562,0.0146,0.0,0.0,-0.1302,-0.0
0.0,0.0,-42.48462677001953,105.44368743896484,-0.03333333507180214,0.20571428537368774,-45.23835754394531,105.80177307128906,0.0,0.0,2.6109,-0.2407,0.2,0.0,2.1699,0.0,0.0,0.0,-0.1598,0.0148,0.012,0.0,0.0947,-0.0076
0.0,0.0,-42.03664016723633,105.40263366699219,-0.03333333507180214,0.20571428537368774,-44.67945098876953,105.52684783935547,0.0,0.0,2.688,-0.2463,0.0,0.0,3.3536,-1.6496,0.0,0.0,-0.1662,0.0153,-0.012,0.0,0.071,-0.099
0.0,0.0,-41.57414245605469,105.36044311523438,-0.03333333507180214,0.20571428537368774,-44.25205612182617,105.46340942382812,0.0,0.0,2.7751,-0.2532,0.0,0.0,2.5645,-0.3806,0.0,0.0,-0.1713,0.0157,0.0,0.0,-0.0473,0.0761
0.0,0.0,-41.097389221191406,105.31710052490234,-0.06666667014360428,0.20571428537368774,-43.69314956665039,105.4422607421875,0.0,0.0,2.8606,-0.2601,-0.2,0.0,3.3536,-0.1269,0.0,0.0,-0.1768,0.0161,-0.012,0.0,0.0473,0.0152
0.0,0.0,-40.606719970703125,105.27261352539062,-0.06666667014360428,0.20571428537368774,-43.26575469970703,105.46340942382812,0.0,0.0,2.9441,-0.2669,0.0,0.0,2.5645,0.1269,0.0,0.0,-0.1823,0.0166,0.012,0.0,-0.0473,0.0152
0.0,0.0,-40.1029052734375,105.22700500488281,-0.03333333507180214,0.20571428537368774,-43.26575469970703,105.46340942382812,0.0,0.0,3.023,-0.2737,0.2,0.0,0.0,0.0,0.0,0.0,-0.1876,0.017,0.012,0.0,-0.1539,-0.0076
0.0,0.0,-39.58729934692383,105.18035125732422,-0.03333333507180214,0.20571428537368774,-42.77260208129883,105.46340942382812,0.0,0.0,3.0938,-0.2799,0.0,0.0,2.959,0.0,0.0,0.0,-0.1926,0.0174,-0.012,0.0,0.1775,0.0
0.0,0.0,-39.055423736572266,105.13218688964844,-0.06666667014360428,0.20571428537368774,-42.21369934082031,105.4422607421875,0.0,0.0,3.1914,-0.289,-0.2,0.0,3.3536,-0.1269,0.0,0.0,-0.1972,0.0178,-0.012,0.0,0.0237,-0.0076
0.0,0.0,-38.51420974731445,105.08309173583984,-0.06666667014360428,0.20571428537368774,-41.852054595947266,105.4422607421875,0.0,0.0,3.2474,-0.2946,0.0,0.0,2.17,0.0,0.0,0.0,-0.2033,0.0184,0.012,0.0,-0.071,0.0076
0.0,0.0,-37.959808349609375,105.03264617919922,-0.06666667014360428,0.20571428537368774,-41.391780853271484,105.46340942382812,0.0,0.0,3.3265,-0.3027,0.0,0.0,2.7618,0.1269,0.0,0.0,-0.2071,0.0188,0.0,0.0,0.0355,0.0076
0.0,0.0,-37.3891716003418,104.98051452636719,-0.06666667014360428,0.20571428537368774,-40.79999923706055,105.46340942382812,0.0,0.0,3.424,-0.3128,0.0,0.0,3.5508,0.0,0.0,0.0,-0.212,0.0193,0.0,0.0,0.0473,-0.0076
0.0,0.0,-36.811607360839844,104.92745208740234,-0.06666667014360428,0.20571428537368774,-40.17534255981445,105.27307891845703,0.0,0.0,3.4655,-0.3184,0.0,0.0,3.7481,-1.142,0.0,0.0,-0.2182,0.0199,0.0,0.0,0.0118,-0.0685
0.0,0.0,-36.22171401977539,104.8729019165039,-0.06666667014360428,0.20571428537368774,-39.78082275390625,105.16734313964844,0.0,0.0,3.5395,-0.3273,0.0,0.0,2.3672,-0.6344,0.0,0.0,-0.221,0.0203,0.0,0.0,-0.0829,0.0305
0.0,0.0,-35.620948791503906,104.81690979003906,-0.06666667014360428,0.20571428537368774,-39.09041213989258,105.12504577636719,0.0,0.0,3.6047,-0.336,0.0,0.0,4.1426,-0.2538,0.0,0.0,-0.2256,0.0209,0.0,0.0,0.1065,0.0228
0.0,0.0,-35.011539459228516,104.75958251953125,-0.03333333507180214,0.20571428537368774,-38.76164245605469,105.14619445800781,0.0,0.0,3.6566,-0.344,0.2,0.0,1.9727,0.1269,0.0,0.0,-0.2298,0.0214,0.012,0.0,-0.1302,0.0228
0.0,0.0,-34.391361236572266,104.70062255859375,-0.03333333507180214,0.20571428537368774,-38.33424758911133,105.16734313964844,0.0,0.0,3.7212,-0.3538,0.0,0.0,2.5645,0.1269,0.0,0.0,-0.2332,0.0219,-0.012,0.0,0.0355,-0.0
0.0,0.0,-33.7596435546875,104.63984680175781,-0.03333333507180214,0.20571428537368774,-37.80821990966797,105.14619445800781,0.0,0.0,3.7905,-0.3647,0.0,0.0,3.1563,-0.1269,0.0,0.0,-0.2373,0.0225,0.0,0.0,0.0355,-0.0152
0.0,0.0,-33.12464904785156,104.57794952392578,-0.06666667014360428,0.20571428537368774,-37.28219223022461,105.14619445800781,0.0,0.0,3.8101,-0.3714,-0.2,0.0,3.1563,0.0,0.0,0.0,-0.2417,0.0232,-0.012,0.0,-0.0,0.0076
0.0,0.0,-32.479736328125,104.51416015625,-0.10000000149011612,0.20571428537368774,-36.69041061401367,104.8289794921875,0.0,0.0,3.8696,-0.3828,-0.2,0.0,3.5508,-1.9034,0.0,0.0,-0.2431,0.0237,-0.0,0.0,0.0237,-0.1142
0.0,0.0,-31.834264755249023,104.44928741455078,-0.06666667014360428,0.20571428537368774,-35.93424606323242,104.80783081054688,0.0,0.0,3.873,-0.3893,0.2,0.0,4.5372,-0.1269,0.0,0.0,-0.2468,0.0244,0.024,0.0,0.0592,0.1066
0.0,0.0,-31.174686431884766,104.3818359375,-0.06666667014360428,0.20571428537368774,-35.342464447021484,104.8289794921875,0.0,0.0,3.9576,-0.4047,0.0,0.0,3.5508,0.1269,0.0,0.0,-0.2472,0.0248,-0.012,0.0,-0.0592,0.0152
0.0,0.0,-30.514911651611328,104.31307983398438,-0.06666667014360428,0.20571428537368774,-34.8821907043457,104.8289794921875,0.0,0.0,3.9588,-0.4126,0.0,0.0,2.7618,0.0,0.0,0.0,-0.2523,0.0258,0.0,0.0,-0.0473,-0.0076
0.0,0.0,-29.85272216796875,104.24266815185547,-0.03333333507180214,0.20571428537368774,-33.89588928222656,104.78668212890625,0.0,0.0,3.9733,-0.4225,0.2,0.0,5.918,-0.2538,0.0,0.0,-0.2527,0.0263,0.012,0.0,0.1894,-0.0152
0.0,0.0,-29.1890811920166,104.17056274414062,-0.03333333507180214,0.20571428537368774,-33.66575241088867,104.59635162353516,0.0,0.0,3.982,-0.4326,0.0,0.0,1.3809,-1.142,0.0,0.0,-0.2536,0.0269,-0.012,0.0,-0.2722,-0.0533
0.0,0.0,-28.521432876586914,104.09632873535156,-0.06666667014360428,0.20571428537368774,-32.74520492553711,104.51176452636719,0.0,0.0,4.0061,-0.4454,-0.2,0.0,5.5235,-0.5075,0.0,0.0,-0.2541,0.0276,-0.012,0.0,0.2486,0.0381
0.0,0.0,-27.86005210876465,104.02098083496094,-0.03333333507180214,0.20571428537368774,-32.02191925048828,104.51176452636719,0.0,0.0,3.9684,-0.4521,0.2,0.0,4.3399,0.0,0.0,0.0,-0.2556,0.0284,0.024,0.0,-0.071,0.0305
0.0,0.0,-27.192983627319336,103.94300079345703,-0.03333333507180214,0.20571428537368774,-31.463014602661133,104.08880615234375,0.0,0.0,4.0026,-0.4679,0.0,0.0,3.3536,-2.5379,0.0,0.0,-0.2535,0.0288,-0.012,0.0,-0.0592,-0.1523
0.0,0.0,-26.524763107299805,103.86270904541016,-0.03333333507180214,0.20571428537368774,-31.068492889404297,104.131103515625,0.0,0.0,4.0095,-0.4818,0.0,0.0,2.3672,0.2538,0.0,0.0,-0.2554,0.0298,0.0,0.0,-0.0592,0.1675
0.0,0.0,-25.867908477783203,103.78150177001953,-0.10000000149011612,0.20571428537368774,-30.180822372436523,104.15225219726562,0.0,0.0,3.9413,-0.4873,-0.4,0.0,5.3262,0.1269,0.0,0.0,-0.2559,0.0307,-0.024,0.0,0.1775,-0.0076
0.0,0.0,-25.20696449279785,103.6972885131836,-0.10000000149011612,0.20571428537368774,-29.424657821655273,104.19454956054688,0.0,0.0,3.9658,-0.5053,0.0,0.0,4.5372,0.2538,0.0,0.0,-0.2518,0.0311,0.024,0.0,-0.0473,0.0076
0.0,0.0,-24.552770614624023,103.61125946044922,-0.06666667014360428,0.20571428537368774,-28.99726104736328,104.2156982421875,0.0,0.0,3.9253,-0.5162,0.2,0.0,2.5645,0.1269,0.0,0.0,-0.2531,0.0322,0.012,0.0,-0.1184,-0.0076
0.0,0.0,-23.905561447143555,103.52330780029297,-0.06666667014360428,0.20571428537368774,-28.339725494384766,104.19454956054688,0.0,0.0,3.8834,-0.5277,0.0,0.0,3.9454,-0.1269,0.0,0.0,-0.2507,0.0329,-0.012,0.0,0.0829,-0.0152
0.0,0.0,-23.260644912719727,103.4326171875,-0.06666667014360428,0.20571428537368774,-27.846574783325195,104.17340087890625,0.0,0.0,3.8697,-0.5442,0.0,0.0,2.959,-0.1269,0.0,0.0,-0.2481,0.0336,0.0,0.0,-0.0592,0.0
0.0,0.0,-22.623035430908203,103.33969116210938,-0.06666667014360428,0.20571428537368774,-26.926027297973633,103.87733459472656,0.0,0.0,3.8258,-0.5576,0.0,0.0,5.5235,-1.7765,0.0,0.0,-0.2471,0.0347,0.0,0.0,0.1539,-0.099
0.0,0.0,-21.994548797607422,103.24462890625,-0.06666667014360428,0.20571428537368774,-26.26849365234375,103.85618591308594,0.0,0.0,3.7711,-0.5704,0.0,0.0,3.9454,-0.1269,0.0,0.0,-0.2444,0.0355,0.0,0.0,-0.0947,0.099
0.0,0.0,-21.373483657836914,103.14701843261719,-0.06666667014360428,0.20571428537368774,-25.906848907470703,103.89848327636719,0.0,0.0,3.7265,-0.5857,0.0,0.0,2.17,0.2538,0.0,0.0,-0.2409,0.0364,0.0,0.0,-0.1065,0.0228
0.0,0.0,-20.763547897338867,103.04727935791016,-0.03333333507180214,0.20571428537368774,-25.380821228027344,103.56011962890625,0.0,0.0,3.6598,-0.5985,0.2,0.0,3.1563,-2.0303,0.0,0.0,-0.2381,0.0373,0.012,0.0,0.0592,-0.137
0.0,0.0,-20.162704467773438,102.9449234008789,-0.06666667014360428,0.20571428537368774,-24.361644744873047,103.53897094726562,0.0,0.0,3.6052,-0.6142,-0.2,0.0,6.1153,-0.1269,0.0,0.0,-0.2339,0.0381,-0.024,0.0,0.1775,0.1142
0.0,0.0,-19.573102951049805,102.84015655517578,-0.10000000149011612,0.20571428537368774,-23.96712303161621,103.53897094726562,0.0,0.0,3.5378,-0.6286,-0.2,0.0,2.3672,0.0,0.0,0.0,-0.2304,0.0391,-0.0,0.0,-0.2249,0.0076
0.0,0.0,-18.99294090270996,102.73248291015625,-0.06666667014360428,0.20571428537368774,-23.44109535217285,103.22175598144531,0.0,0.0,3.4811,-0.6461,0.2,0.0,3.1563,-1.9034,0.0,0.0,-0.2261,0.0401,0.024,0.0,0.0473,-0.1142
0.0,0.0,-18.424413681030273,102.62213897705078,-0.06666667014360428,0.20571428537368774,-22.553424835205078,103.22175598144531,0.0,0.0,3.4113,-0.6621,0.0,0.0,5.3262,0.0,0.0,0.0,-0.2224,0.0412,-0.012,0.0,0.1302,0.1142
0.0,0.0,-17.868850708007812,102.5092544555664,-0.06666667014360428,0.20571428537368774,-22.02739715576172,103.22175598144531,0.0,0.0,3.3335,-0.6773,0.0,0.0,3.1563,0.0,0.0,0.0,-0.218,0.0422,0.0,0.0,-0.1302,0.0
0.0,0.0,-17.325281143188477,102.39347839355469,-0.06666667014360428,0.20571428537368774,-21.369863510131836,102.86224365234375,0.0,0.0,3.2615,-0.6947,0.0,0.0,3.9454,-2.1572,0.0,0.0,-0.2131,0.0432,0.0,0.0,0.0473,-0.1294
0.0,0.0,-16.795000076293945,102.27496337890625,-0.03333333507180214,0.20571428537368774,-20.547945022583008,102.86224365234375,0.0,0.0,3.1818,-0.7111,0.2,0.0,4.9317,0.0,0.0,0.0,-0.2085,0.0443,0.012,0.0,0.0592,0.1294
0.0,0.0,-16.27813720703125,102.15361785888672,-0.06666667014360428,0.20571428537368774,-19.693151473999023,102.904541015625,0.0,0.0,3.1013,-0.7281,-0.2,0.0,5.129,0.2538,0.0,0.0,-0.2034,0.0453,-0.024,0.0,0.0118,0.0152
0.0,0.0,-15.773455619812012,102.02899932861328,-0.06666667014360428,0.20571428537368774,-19.331506729125977,102.69306182861328,0.0,0.0,3.0282,-0.7477,0.0,0.0,2.17,-1.2689,0.0,0.0,-0.1983,0.0464,0.012,0.0,-0.1775,-0.0914
0.0,0.0,-15.278701782226562,101.9003677368164,-0.03333333507180214,0.20571428537368774,-18.904109954833984,102.58732604980469,0.0,0.0,2.9686,-0.7718,0.2,0.0,2.5645,-0.6344,0.0,0.0,-0.1936,0.0476,0.012,0.0,0.0237,0.0381
0.0,0.0,-14.805728912353516,101.77076721191406,-0.03333333507180214,0.20571428537368774,-17.950685501098633,102.58732604980469,0.0,0.0,2.838,-0.7776,0.0,0.0,5.7208,0.0,0.0,0.0,-0.1897,0.0492,-0.012,0.0,0.1894,0.0381
0.0,0.0,-14.343668937683105,101.63724517822266,-0.06666667014360428,0.20571428537368774,-17.852054595947266,102.31240844726562,0.0,0.0,2.7725,-0.8012,-0.2,0.0,0.5918,-1.6496,0.0,0.0,-0.1817,0.0496,-0.012,0.0,-0.3078,-0.099
0.0,0.0,-13.898077964782715,101.50132751464844,-0.03333333507180214,0.20571428537368774,-17.457534790039062,102.27011108398438,0.0,0.0,2.6737,-0.8155,0.2,0.0,2.3672,-0.2538,0.0,0.0,-0.1773,0.0511,0.024,0.0,0.1065,0.0838
0.0,0.0,-13.461006164550781,101.3604507446289,-0.06666667014360428,0.20571428537368774,-16.635616302490234,102.22781372070312,0.0,0.0,2.6225,-0.8453,-0.2,0.0,4.9317,-0.2538,0.0,0.0,-0.1711,0.052,-0.024,0.0,0.1539,0.0
0.0,0.0,-13.038179397583008,101.21626281738281,-0.10000000149011612,0.20571428537368774,-16.405479431152344,101.91059875488281,0.0,0.0,2.5371,-0.8652,-0.2,0.0,1.3809,-1.9034,0.0,0.0,-0.1676,0.0538,-0.0,0.0,-0.2131,-0.099
0.0,0.0,-12.632526397705078,101.06981658935547,-0.06666667014360428,0.20571428537368774,-15.682191848754883,101.93174743652344,0.0,0.0,2.434,-0.8787,0.2,0.0,4.3399,0.1269,0.0,0.0,-0.1623,0.0551,0.024,0.0,0.1775,0.1218
0.0,0.0,-12.239563941955566,100.9195327758789,-0.06666667014360428,0.20571428537368774,-15.452054977416992,101.93174743652344,0.0,0.0,2.3579,-0.9017,0.0,0.0,1.3809,0.0,0.0,0.0,-0.1558,0.056,-0.012,0.0,-0.1775,-0.0076
0.0,0.0,-11.85998821258545,100.765625,-0.03333333507180214,0.20571428537368774,-14.663013458251953,101.63568115234375,0.0,0.0,2.2775,-0.9235,0.2,0.0,4.7344,-1.7765,0.0,0.0,-0.1508,0.0575,0.012,0.0,0.2012,-0.1066
0.0,0.0,-11.493621826171875,100.6080093383789,-0.03333333507180214,0.20571428537368774,-13.939725875854492,101.5933837890625,0.0,0.0,2.1983,-0.9457,0.0,0.0,4.3399,-0.2538,0.0,0.0,-0.1457,0.0589,-0.012,0.0,-0.0237,0.0914
0.0,0.0,-11.138829231262207,100.44590759277344,-0.03333333507180214,0.20571428537368774,-13.906848907470703,101.21273040771484,0.0,0.0,2.1288,-0.9726,0.0,0.0,0.1973,-2.284,0.0,0.0,-0.1406,0.0603,0.0,0.0,-0.2486,-0.1218
0.0,0.0,-10.79979419708252,100.28130340576172,-0.03333333507180214,0.20571428537368774,-13.38082218170166,101.29731750488281,0.0,0.0,2.0343,-0.9877,0.0,0.0,3.1563,0.5075,0.0,0.0,-0.1362,0.062,0.0,0.0,0.1775,0.1675
0.0,0.0,-10.472071647644043,100.11212921142578,-0.03333333507180214,0.20571428537368774,-12.98630142211914,101.00125122070312,0.0,0.0,1.9664,-1.0151,0.0,0.0,2.3672,-1.7765,0.0,0.0,-0.1302,0.063,0.0,0.0,-0.0473,-0.137
0.0,0.0,-10.156407356262207,99.93875122070312,-0.03333333507180214,0.20571428537368774,-12.52602767944336,100.68403625488281,0.0,0.0,1.8941,-1.0403,0.0,0.0,2.7618,-1.9034,0.0,0.0,-0.1258,0.0647,0.0,0.0,0.0237,-0.0076
0.0,0.0,-9.854246139526367,99.76205444335938,-0.06666667014360428,0.20571428537368774,-12.197259902954102,100.68403625488281,0.0,0.0,1.813,-1.0602,-0.2,0.0,1.9727,0.0,0.0,0.0,-0.1212,0.0663,-0.012,0.0,-0.0473,0.1142
0.0,0.0,-9.563220977783203,99.58078002929688,-0.06666667014360428,0.20571428537368774,-11.967123031616211,100.68403625488281,0.0,0.0,1.7462,-1.0877,0.0,0.0,1.3809,0.0,0.0,0.0,-0.1161,0.0676,0.012,0.0,-0.0355,0.0
0.0,0.0,-9.282986640930176,99.39471435546875,-0.06666667014360428,0.20571428537368774,-11.572602272033691,100.3668212890625,0.0,0.0,1.6815,-1.1164,0.0,0.0,2.3672,-1.9034,0.0,0.0,-0.1117,0.0693,0.0,0.0,0.0592,-0.1142
0.0,0.0,-9.01650619506836,99.20603942871094,-0.06666667014360428,0.20571428537368774,-11.210958480834961,100.32452392578125,0.0,0.0,1.5989,-1.1321,0.0,0.0,2.1699,-0.2538,0.0,0.0,-0.1076,0.0711,0.0,0.0,-0.0118,0.099
0.0,0.0,-8.758954048156738,99.0114974975586,-0.06666667014360428,0.20571428537368774,-10.61917781829834,100.02845764160156,0.0,0.0,1.5454,-1.1673,0.0,0.0,3.5508,-1.7765,0.0,0.0,-0.1024,0.0722,0.0,0.0,0.0829,-0.0914
0.0,0.0,-8.51315975189209,98.81330871582031,-0.06666667014360428,0.20571428537368774,-10.421917915344238,99.92272186279297,0.0,0.0,1.4748,-1.1892,0.0,0.0,1.1836,-0.6344,0.0,0.0,-0.0989,0.0744,0.0,0.0,-0.142,0.0685
0.0,0.0,-8.277472496032715,98.61038208007812,-0.03333333507180214,0.20571428537368774,-10.12602710723877,99.77468872070312,0.0,0.0,1.4142,-1.2176,0.2,0.0,1.7754,-0.8882,0.0,0.0,-0.0944,0.0758,0.012,0.0,0.0355,-0.0152
0.0,0.0,-8.052268028259277,98.40323638916016,-0.03333333507180214,0.20571428537368774,-9.895890235900879,99.49976348876953,0.0,0.0,1.3513,-1.2429,0.0,0.0,1.3809,-1.6496,0.0,0.0,-0.0905,0.0776,-0.012,0.0,-0.0237,-0.0457
0.0,0.0,-7.836368083953857,98.19100952148438,-0.03333333507180214,0.20571428537368774,-9.50136947631836,99.41517639160156,0.0,0.0,1.2955,-1.2734,0.0,0.0,2.3672,-0.5075,0.0,0.0,-0.0865,0.0792,0.0,0.0,0.0592,0.0685
0.0,0.0,-7.62863302230835,97.97264099121094,-0.03333333507180214,0.20571428537368774,-9.435616493225098,99.39402770996094,0.0,0.0,1.2465,-1.3103,0.0,0.0,0.3945,-0.1269,0.0,0.0,-0.0829,0.0812,0.0,0.0,-0.1184,0.0228
0.0,0.0,-7.431997299194336,97.75154113769531,-0.06666667014360428,0.20571428537368774,-9.073972702026367,99.07681274414062,0.0,0.0,1.1799,-1.3267,-0.2,0.0,2.1699,-1.9034,0.0,0.0,-0.0798,0.0835,-0.012,0.0,0.1065,-0.1066
0.0,0.0,-7.24366569519043,97.52501678466797,-0.06666667014360428,0.20571428537368774,-8.810958862304688,98.71730041503906,0.0,0.0,1.13,-1.3592,0.0,0.0,1.5781,-2.1572,0.0,0.0,-0.0756,0.0846,0.012,0.0,-0.0355,-0.0152
0.0,0.0,-7.0645222663879395,97.29446411132812,-0.06666667014360428,0.20571428537368774,-8.712328910827637,98.73844909667969,0.0,0.0,1.0749,-1.3834,0.0,0.0,0.5918,0.1269,0.0,0.0,-0.0723,0.0866,0.0,0.0,-0.0592,0.1371
0.0,0.0,-6.892782211303711,97.05790710449219,-0.06666667014360428,0.20571428537368774,-8.416438102722168,98.40008544921875,0.0,0.0,1.0305,-1.4194,0.0,0.0,1.7754,-2.0303,0.0,0.0,-0.0688,0.0882,0.0,0.0,0.071,-0.1294
0.0,0.0,-6.72934627532959,96.81689453125,-0.06666667014360428,0.20571428537368774,-8.252055168151855,98.04058074951172,0.0,0.0,0.9807,-1.4461,0.0,0.0,0.9863,-2.1571,0.0,0.0,-0.066,0.0905,0.0,0.0,-0.0473,-0.0076
0.0,0.0,-6.5735297203063965,96.57086181640625,-0.06666667014360428,0.20571428537368774,-8.054794311523438,98.08287048339844,0.0,0.0,0.9349,-1.4763,0.0,0.0,1.1836,0.2537,0.0,0.0,-0.0628,0.0922,0.0,0.0,0.0118,0.1447
0.0,0.0,-6.424239158630371,96.31837463378906,-0.06666667014360428,0.20571428537368774,-7.627397060394287,97.76565551757812,0.0,0.0,0.8958,-1.515,0.0,0.0,2.5645,-1.9034,0.0,0.0,-0.0599,0.0941,0.0,0.0,0.0829,-0.1294
0.0,0.0,-6.28247594833374,96.06151580810547,-0.03333333507180214,0.20571428537368774,-7.232876777648926,97.44844055175781,0.0,0.0,0.8506,-1.5412,0.2,0.0,2.3672,-1.9034,0.0,0.0,-0.0573,0.0965,0.012,0.0,-0.0118,0.0
0.0,0.0,-6.147141933441162,95.79878234863281,-0.03333333507180214,0.20571428537368774,-7.232876777648926,97.44844055175781,0.0,0.0,0.812,-1.5765,0.0,0.0,0.0,0.0,0.0,0.0,-0.0545,0.0983,-0.012,0.0,-0.142,0.1142
0.0,0.0,-6.018336296081543,95.53080749511719,-0.03333333507180214,0.20571428537368774,-7.068493366241455,97.15237426757812,0.0,0.0,0.7729,-1.6079,0.0,0.0,0.9863,-1.7765,0.0,0.0,-0.052,0.1005,0.0,0.0,0.0592,-0.1066
0.0,0.0,-5.895212173461914,95.25623321533203,-0.03333333507180214,0.20571428537368774,-6.871232986450195,96.81401062011719,0.0,0.0,0.7388,-1.6475,0.0,0.0,1.1836,-2.0303,0.0,0.0,-0.0495,0.1025,0.0,0.0,0.0118,-0.0152
0.0,0.0,-5.778228282928467,94.9765396118164,-0.06666667014360428,0.20571428537368774,-6.706849098205566,96.45450592041016,0.0,0.0,0.7019,-1.6782,-0.2,0.0,0.9863,-2.1571,0.0,0.0,-0.0473,0.105,-0.012,0.0,-0.0118,-0.0076
0.0,0.0,-5.6673126220703125,94.6922607421875,-0.06666667014360428,0.20571428537368774,-6.575342655181885,95.98925018310547,0.0,0.0,0.6655,-1.7057,0.0,0.0,0.7891,-2.7916,0.0,0.0,-0.045,0.107,0.012,0.0,-0.0118,-0.0381
0.0,0.0,-5.561268329620361,94.40087127685547,-0.06666667014360428,0.20571428537368774,-6.378082275390625,96.0103988647461,0.0,0.0,0.6363,-1.7484,0.0,0.0,1.1836,0.1269,0.0,0.0,-0.0426,0.1088,0.0,0.0,0.0237,0.1751
0.0,0.0,-5.460289001464844,94.10330963134766,-0.10000000149011612,0.20571428537368774,-6.180821895599365,95.94696044921875,0.0,0.0,0.6059,-1.7854,-0.2,0.0,1.1836,-0.3806,0.0,0.0,-0.0407,0.1114,-0.012,0.0,0.0,-0.0305
0.0,0.0,-5.364612579345703,93.80097198486328,-0.06666667014360428,0.20571428537368774,-6.115068435668945,95.58744812011719,0.0,0.0,0.5741,-1.8141,0.2,0.0,0.3945,-2.1572,0.0,0.0,-0.0388,0.1138,0.024,0.0,-0.0473,-0.1066
0.0,0.0,-5.2735676765441895,93.49247741699219,-0.03333333507180214,0.20571428537368774,-6.115068435668945,95.52400207519531,0.0,0.0,0.5463,-1.851,0.2,0.0,0.0,-0.3807,0.0,0.0,-0.0368,0.1157,0.0,0.0,-0.0237,0.1066
0.0,0.0,-5.186699867248535,93.17680358886719,-0.03333333507180214,0.20571428537368774,-5.819178104400635,95.16449737548828,0.0,0.0,0.5212,-1.8941,0.0,0.0,1.7754,-2.1571,0.0,0.0,-0.035,0.118,-0.012,0.0,0.1065,-0.1066
0.0,0.0,-5.104315757751465,92.85570526123047,-0.06666667014360428,0.20571428537368774,-5.589041233062744,94.88957214355469,0.0,0.0,0.4943,-1.9267,-0.2,0.0,1.3809,-1.6496,0.0,0.0,-0.0334,0.1207,-0.012,0.0,-0.0237,0.0305
0.0,0.0,-5.026012420654297,92.52839660644531,-0.03333333507180214,0.20571428537368774,-5.589041233062744,94.02252197265625,0.0,0.0,0.4698,-1.9639,0.2,0.0,0.0,-5.2025,0.0,0.0,-0.0317,0.1228,0.024,0.0,-0.0829,-0.2132
0.0,0.0,-4.951646327972412,92.19502258300781,-0.03333333507180214,0.20571428537368774,-5.589041233062744,94.14940643310547,0.0,0.0,0.4462,-2.0003,0.0,0.0,0.0,0.7613,0.0,0.0,-0.0301,0.1252,-0.012,0.0,0.0,0.3578
0.0,0.0,-4.880997180938721,91.85539245605469,-0.03333333507180214,0.20571428537368774,-5.589041233062744,93.85334014892578,0.0,0.0,0.4239,-2.0379,0.0,0.0,0.0,-1.7765,0.0,0.0,-0.0286,0.1275,0.0,0.0,0.0,-0.1523
0.0,0.0,-4.813276290893555,91.50617218017578,-0.03333333507180214,0.20571428537368774,-5.589041233062744,93.49382781982422,0.0,0.0,0.4063,-2.0954,0.0,0.0,0.0,-2.1572,0.0,0.0,-0.0272,0.1299,0.0,0.0,0.0,-0.0228
0.0,0.0,-4.749674320220947,91.15438079833984,-0.10000000149011612,0.20571428537368774,-5.161643981933594,93.21891021728516,0.0,0.0,0.3816,-2.1108,-0.4,0.0,2.5645,-1.6496,0.0,0.0,-0.026,0.1335,-0.024,0.0,0.1539,0.0305
0.0,0.0,-4.689169883728027,90.79556274414062,-0.06666667014360428,0.20571428537368774,-5.063013553619385,92.92284393310547,0.0,0.0,0.363,-2.153,0.2,0.0,0.5918,-1.7765,0.0,0.0,-0.0245,0.1347,0.036,0.0,-0.1184,-0.0076
0.0,0.0,-4.631810665130615,90.4308853149414,-0.06666667014360428,0.20571428537368774,-5.063013553619385,92.60562896728516,0.0,0.0,0.3442,-2.1882,0.0,0.0,0.0,-1.9034,0.0,0.0,-0.0233,0.1373,-0.012,0.0,-0.0355,-0.0076
0.0,0.0,-4.577112197875977,90.05803680419922,-0.06666667014360428,0.20571428537368774,-5.063013553619385,92.20381927490234,0.0,0.0,0.3282,-2.2372,0.0,0.0,0.0,-2.411,0.0,0.0,-0.0221,0.1395,0.0,0.0,0.0,-0.0305
0.0,0.0,-4.525393009185791,89.68009948730469,-0.03333333507180214,0.20571428537368774,-5.063013553619385,91.8654556274414,0.0,0.0,0.3103,-2.2677,0.2,0.0,0.0,-2.0303,0.0,0.0,-0.021,0.1426,0.012,0.0,0.0,0.0228
0.0,0.0,-4.476069927215576,89.29373168945312,-0.03333333507180214,0.20571428537368774,-5.063013553619385,91.46365356445312,0.0,0.0,0.296,-2.3183,0.0,0.0,0.0,-2.4109,0.0,0.0,-0.0199,0.1446,-0.012,0.0,0.0,-0.0228
0.0,0.0,-4.429293155670166,88.90092468261719,-0.03333333507180214,0.20571428537368774,-5.063013553619385,91.20988464355469,0.0,0.0,0.2807,-2.3569,0.0,0.0,0.0,-1.5227,0.0,0.0,-0.019,0.1478,0.0,0.0,0.0,0.0533
0.0,0.0,-4.384944438934326,88.50175476074219,-0.10000000149011612,0.20571428537368774,-4.701369762420654,90.4062728881836,0.0,0.0,0.2661,-2.3951,-0.4,0.0,2.1699,-4.8219,0.0,0.0,-0.018,0.1503,-0.024,0.0,0.1302,-0.198
0.0,0.0,-4.3428120613098145,88.09534454345703,-0.10000000149011612,0.20571428537368774,-4.635616302490234,90.55430603027344,0.0,0.0,0.2528,-2.4386,0.0,0.0,0.3945,0.8882,0.0,0.0,-0.017,0.1527,0.024,0.0,-0.1065,0.3426
0.0,0.0,-4.302895545959473,87.68275451660156,-0.06666667014360428,0.20571428537368774,-4.635616302490234,90.27938079833984,0.0,0.0,0.2395,-2.4756,0.2,0.0,0.0,-1.6496,0.0,0.0,-0.0162,0.1555,0.012,0.0,-0.0237,-0.1523
0.0,0.0,-4.265132904052734,87.26461791992188,-0.06666667014360428,0.20571428537368774,-4.6027398109436035,89.72954559326172,0.0,0.0,0.2266,-2.5089,0.0,0.0,0.1973,-3.2991,0.0,0.0,-0.0153,0.1579,-0.012,0.0,0.0118,-0.099
0.0,0.0,-4.229104518890381,86.83727264404297,-0.03333333507180214,0.20571428537368774,-4.6027398109436035,89.45462799072266,0.0,0.0,0.2162,-2.5642,0.2,0.0,0.0,-1.6496,0.0,0.0,-0.0145,0.16,0.012,0.0,-0.0118,0.099
0.0,0.0,-4.19500732421875,86.40406036376953,-0.03333333507180214,0.20571428537368774,-4.6027398109436035,88.96823120117188,0.0,0.0,0.2046,-2.5994,0.0,0.0,0.0,-2.9185,0.0,0.0,-0.0138,0.1635,-0.012,0.0,0.0,-0.0761
0.0,0.0,-4.1626410484313965,85.96367645263672,-0.03333333507180214,0.20571428537368774,-4.6027398109436035,88.27035522460938,0.0,0.0,0.1942,-2.6424,0.0,0.0,0.0,-4.1874,0.0,0.0,-0.0131,0.1658,0.0,0.0,0.0,-0.0761
0.0,0.0,-4.13203239440918,85.51777648925781,-0.03333333507180214,0.20571428537368774,-4.6027398109436035,88.16461944580078,0.0,0.0,0.1837,-2.6755,0.0,0.0,0.0,-0.6344,0.0,0.0,-0.0124,0.1685,0.0,0.0,0.0,0.2132
0.0,0.0,-4.1029205322265625,85.06378936767578,-0.06666667014360428,0.20571428537368774,-4.339725971221924,87.65707397460938,0.0,0.0,0.1747,-2.724,-0.2,0.0,1.5781,-3.0454,0.0,0.0,-0.0118,0.1706,-0.012,0.0,0.0947,-0.1447
0.0,0.0,-4.0753703117370605,84.60394287109375,-0.10000000149011612,0.20571428537368774,-4.208219051361084,87.38215637207031,0.0,0.0,0.1653,-2.7592,-0.2,0.0,0.7891,-1.6496,0.0,0.0,-0.0112,0.1737,-0.0,0.0,-0.0473,0.0838
0.0,0.0,-4.0491838455200195,84.13621520996094,-0.06666667014360428,0.20571428537368774,-4.208219051361084,86.83231353759766,0.0,0.0,0.1571,-2.8065,0.2,0.0,0.0,-3.2992,0.0,0.0,-0.0106,0.176,0.024,0.0,-0.0473,-0.099
0.0,0.0,-4.024336338043213,83.66133117675781,-0.06666667014360428,0.20571428537368774,-4.208219051361084,86.53624725341797,0.0,0.0,0.1491,-2.8494,0.0,0.0,0.0,-1.7765,0.0,0.0,-0.0101,0.179,-0.012,0.0,0.0,0.0914
0.0,0.0,-4.000866413116455,83.18151092529297,-0.03333333507180214,0.20571428537368774,-4.175342559814453,85.669189453125,0.0,0.0,0.1408,-2.879,0.2,0.0,0.1973,-5.2026,0.0,0.0,-0.0096,0.1817,0.012,0.0,0.0118,-0.2056
0.0,0.0,-3.9785373210906982,82.69331359863281,-0.03333333507180214,0.20571428537368774,-4.142465591430664,85.669189453125,0.0,0.0,0.134,-2.9293,0.0,0.0,0.1973,0.0,0.0,0.0,-0.009,0.1836,-0.012,0.0,-0.0,0.3122
0.0,0.0,-3.9573702812194824,82.19844055175781,-0.03333333507180214,0.20571428537368774,-4.109589099884033,85.20394134521484,0.0,0.0,0.127,-2.9694,0.0,0.0,0.1973,-2.7916,0.0,0.0,-0.0086,0.1868,0.0,0.0,-0.0,-0.1675
0.0,0.0,-3.937299966812134,81.69677734375,-0.03333333507180214,0.20571428537368774,-4.109589099884033,84.86558532714844,0.0,0.0,0.1204,-3.0101,0.0,0.0,0.0,-2.0302,0.0,0.0,-0.0081,0.1894,0.0,0.0,-0.0118,0.0457
0.0,0.0,-3.9182639122009277,81.18819427490234,-0.06666667014360428,0.20571428537368774,-4.109589099884033,83.829345703125,0.0,0.0,0.1142,-3.0516,-0.2,0.0,0.0,-6.2177,0.0,0.0,-0.0077,0.192,-0.012,0.0,0.0,-0.2513
0.0,0.0,-3.9001758098602295,80.67170715332031,-0.06666667014360428,0.20571428537368774,-4.109589099884033,83.4063949584961,0.0,0.0,0.1085,-3.099,0.0,0.0,0.0,-2.5378,0.0,0.0,-0.0073,0.1946,0.012,0.0,0.0,0.2208
0.0,0.0,-3.88309907913208,80.1507339477539,-0.06666667014360428,0.20571428537368774,-4.109589099884033,83.3218002319336,0.0,0.0,0.1025,-3.126,0.0,0.0,0.0,-0.5076,0.0,0.0,-0.0069,0.1976,0.0,0.0,0.0,0.1218
0.0,0.0,-3.8669826984405518,79.62567901611328,-0.06666667014360428,0.20571428537368774,-4.109589099884033,82.66622161865234,0.0,0.0,0.0967,-3.1505,0.0,0.0,0.0,-3.9336,0.0,0.0,-0.0066,0.1994,0.0,0.0,0.0,-0.2056
0.0,0.0,-3.8515937328338623,79.09037780761719,-0.06666667014360428,0.20571428537368774,-4.109589099884033,82.58163452148438,0.0,0.0,0.0923,-3.2119,0.0,0.0,0.0,-0.5075,0.0,0.0,-0.0062,0.201,0.0,0.0,0.0,0.2056
0.0,0.0,-3.8370776176452637,78.55133056640625,-0.06666667014360428,0.20571428537368774,-4.109589099884033,81.7991714477539,0.0,0.0,0.0871,-3.2344,0.0,0.0,0.0,-4.695,0.0,0.0,-0.0059,0.2048,0.0,0.0,0.0,-0.2513
0.0,0.0,-3.8232908248901367,78.0049819946289,-0.03333333507180214,0.20571428537368774,-4.109589099884033,81.27047729492188,0.0,0.0,0.0827,-3.2782,0.2,0.0,0.0,-3.1723,0.0,0.0,-0.0056,0.2064,0.012,0.0,0.0,0.0914
0.0,0.0,-3.8101937770843506,77.4511947631836,-0.03333333507180214,0.20571428537368774,-4.109589099884033,80.99555969238281,0.0,0.0,0.0786,-3.3229,0.0,0.0,0.0,-1.6496,0.0,0.0,-0.0053,0.2091,-0.012,0.0,0.0,0.0914
0.0,0.0,-3.7978179454803467,76.8929672241211,-0.03333333507180214,0.20571428537368774,-4.109589099884033,80.29768371582031,0.0,0.0,0.0743,-3.3495,0.0,0.0,0.0,-4.1874,0.0,0.0,-0.005,0.2119,0.0,0.0,0.0,-0.1523
0.0,0.0,-3.786098003387451,76.32929229736328,-0.06666667014360428,0.20571428537368774,-4.109589099884033,79.59981536865234,0.0,0.0,0.0703,-3.3822,-0.2,0.0,0.0,-4.1874,0.0,0.0,-0.0048,0.2137,-0.012,0.0,0.0,0.0
0.0,0.0,-3.7749595642089844,75.75818634033203,-0.06666667014360428,0.20571428537368774,-4.109589099884033,79.1768569946289,0.0,0.0,0.0668,-3.4268,0.0,0.0,0.0,-2.5379,0.0,0.0,-0.0045,0.2158,0.012,0.0,0.0,0.099
0.0,0.0,-3.7644147872924805,75.18192291259766,-0.06666667014360428,0.20571428537368774,-4.109589099884033,78.58472442626953,0.0,0.0,0.0633,-3.4577,0.0,0.0,0.0,-3.5529,0.0,0.0,-0.0043,0.2186,0.0,0.0,0.0,-0.0609
0.0,0.0,-3.754390001296997,74.59812927246094,-0.06666667014360428,0.20571428537368774,-4.109589099884033,78.2463607788086,0.0,0.0,0.0602,-3.5029,0.0,0.0,0.0,-2.0303,0.0,0.0,-0.0041,0.2206,0.0,0.0,0.0,0.0914
0.0,0.0,-3.744959592819214,74.01317596435547,-0.06666667014360428,0.20571428537368774,-4.109589099884033,77.69652557373047,0.0,0.0,0.0566,-3.5099,0.0,0.0,0.0,-3.2991,0.0,0.0,-0.0039,0.2234,0.0,0.0,0.0,-0.0761
0.0,0.0,-3.736023187637329,73.42304229736328,-0.06666667014360428,0.20571428537368774,-4.109589099884033,77.06209564208984,0.0,0.0,0.0536,-3.5409,0.0,0.0,0.0,-3.8067,0.0,0.0,-0.0036,0.224,0.0,0.0,0.0,-0.0305
0.0,0.0,-3.727494478225708,72.82352447509766,-0.10000000149011612,0.20571428537368774,-3.682191848754883,75.94126892089844,0.0,0.0,0.0512,-3.5973,-0.2,0.0,2.5645,-6.7252,0.0,0.0,-0.0034,0.2259,-0.012,0.0,0.1539,-0.1751
0.0,0.0,-3.7194395065307617,72.22088623046875,-0.10000000149011612,0.20571428537368774,-3.616438388824463,75.56060791015625,0.0,0.0,0.0483,-3.616,0.0,0.0,0.3945,-2.2841,0.0,0.0,-0.0033,0.2294,0.012,0.0,-0.1302,0.2665
0.0,0.0,-3.7117867469787598,71.6116943359375,-0.03333333507180214,0.20571428537368774,-3.616438388824463,75.24339294433594,0.0,0.0,0.0459,-3.6553,0.4,0.0,0.0,-1.9034,0.0,0.0,-0.0031,0.2307,0.024,0.0,-0.0237,0.0228
0.0,0.0,-3.7045602798461914,70.99988555908203,-0.03333333507180214,0.20571428537368774,-3.616438388824463,74.56666564941406,0.0,0.0,0.0434,-3.671,0.0,0.0,0.0,-4.0605,0.0,0.0,-0.0029,0.2332,-0.024,0.0,0.0,-0.1294
0.0,0.0,-3.697707176208496,70.38298034667969,-0.03333333507180214,0.20571428537368774,-3.616438388824463,74.3763427734375,0.0,0.0,0.0411,-3.7016,0.0,0.0,0.0,-1.142,0.0,0.0,-0.0028,0.2343,0.0,0.0,0.0,0.1751
0.0,0.0,-3.6911826133728027,69.75865936279297,-0.03333333507180214,0.20571428537368774,-3.616438388824463,73.74191284179688,0.0,0.0,0.0391,-3.7461,0.0,0.0,0.0,-3.8067,0.0,0.0,-0.0026,0.2362,0.0,0.0,0.0,-0.1599
0.0,0.0,-3.685033082962036,69.13331604003906,-0.03333333507180214,0.20571428537368774,-3.616438388824463,72.79026794433594,0.0,0.0,0.0369,-3.7522,0.0,0.0,0.0,-5.7101,0.0,0.0,-0.0025,0.2389,0.0,0.0,0.0,-0.1142
0.0,0.0,-3.6792101860046387,68.50438690185547,-0.03333333507180214,0.20571428537368774,-3.616438388824463,72.30387115478516,0.0,0.0,0.0349,-3.7737,0.0,0.0,0.0,-2.9185,0.0,0.0,-0.0024,0.2395,0.0,0.0,0.0,0.1675
0.0,0.0,-3.6736927032470703,67.87161254882812,-0.06666667014360428,0.20571428537368774,-3.616438388824463,71.90206146240234,0.0,0.0,0.0331,-3.7968,-0.2,0.0,0.0,-2.411,0.0,0.0,-0.0022,0.2408,-0.012,0.0,0.0,0.0305
0.0,0.0,-3.668412446975708,67.2286376953125,-0.06666667014360428,0.20571428537368774,-3.616438388824463,71.09844970703125,0.0,0.0,0.0317,-3.858,0.0,0.0,0.0,-4.8219,0.0,0.0,-0.0021,0.2423,0.012,0.0,0.0,-0.1447
0.0,0.0,-3.6634867191314697,66.59209442138672,-0.10000000149011612,0.20571428537368774,-3.616438388824463,70.78123474121094,0.0,0.0,0.0296,-3.8194,-0.2,0.0,0.0,-1.9034,0.0,0.0,-0.002,0.246,-0.012,0.0,0.0,0.1751
0.0,0.0,-3.6587929725646973,65.94879913330078,-0.06666667014360428,0.20571428537368774,-3.616438388824463,69.7238540649414,0.0,0.0,0.0282,-3.8599,0.2,0.0,0.0,-6.3445,0.0,0.0,-0.0019,0.2439,0.024,0.0,0.0,-0.2665
0.0,0.0,-3.6543257236480713,65.29947662353516,-0.06666667014360428,0.20571428537368774,-3.616438388824463,69.21630859375,0.0,0.0,0.0268,-3.8961,0.0,0.0,0.0,-3.0454,0.0,0.0,-0.0018,0.2462,-0.012,0.0,0.0,0.198
0.0,0.0,-3.6501200199127197,64.65137481689453,-0.06666667014360428,0.20571428537368774,-3.616438388824463,68.98368835449219,0.0,0.0,0.0252,-3.8888,0.0,0.0,0.0,-1.3958,0.0,0.0,-0.0017,0.2485,0.0,0.0,0.0,0.099
0.0,0.0,-3.6461172103881836,63.99775695800781,-0.06666667014360428,0.20571428537368774,-3.616438388824463,67.84171295166016,0.0,0.0,0.024,-3.9219,0.0,0.0,0.0,-6.8521,0.0,0.0,-0.0016,0.2482,0.0,0.0,0.0,-0.3274
0.0,0.0,-3.6423399448394775,63.34430694580078,-0.06666667014360428,0.20571428537368774,-3.616438388824463,67.82056427001953,0.0,0.0,0.0227,-3.9209,0.0,0.0,0.0,-0.1269,0.0,0.0,-0.0015,0.2502,0.0,0.0,0.0,0.4035
0.0,0.0,-3.6387510299682617,62.68681335449219,-0.03333333507180214,0.20571428537368774,-3.616438388824463,67.08039855957031,0.0,0.0,0.0215,-3.9451,0.2,0.0,0.0,-4.4412,0.0,0.0,-0.0015,0.2503,0.012,0.0,0.0,-0.2589
0.0,0.0,-3.635349988937378,62.02720260620117,-0.03333333507180214,0.20571428537368774,-3.616438388824463,66.04415893554688,0.0,0.0,0.0204,-3.9578,0.0,0.0,0.0,-6.2177,0.0,0.0,-0.0014,0.2517,-0.012,0.0,0.0,-0.1066
0.0,0.0,-3.6321332454681396,61.366920471191406,-0.06666667014360428,0.20571428537368774,-3.616438388824463,65.34628295898438,0.0,0.0,0.0193,-3.9619,-0.2,0.0,0.0,-4.1874,0.0,0.0,-0.0013,0.2526,-0.012,0.0,0.0,0.1218
0.0,0.0,-3.6290805339813232,60.70404815673828,-0.06666667014360428,0.20571428537368774,-3.616438388824463,64.81759643554688,0.0,0.0,0.0183,-3.9774,0.0,0.0,0.0,-3.1722,0.0,0.0,-0.0012,0.2529,0.012,0.0,0.0,0.0609
0.0,0.0,-3.626188039779663,60.03976058959961,-0.06666667014360428,0.20571428537368774,-3.616438388824463,64.3311996459961,0.0,0.0,0.0174,-3.9859,0.0,0.0,0.0,-2.9185,0.0,0.0,-0.0012,0.2538,0.0,0.0,0.0,0.0152
0.0,0.0,-3.6234493255615234,59.37483596801758,-0.06666667014360428,0.20571428537368774,-3.616438388824463,63.86595153808594,0.0,0.0,0.0164,-3.9897,0.0,0.0,0.0,-2.7916,0.0,0.0,-0.0011,0.2544,0.0,0.0,0.0,0.0076
0.0,0.0,-3.6208512783050537,58.7081298828125,-0.06666667014360428,0.20571428537368774,-3.616438388824463,63.020042419433594,0.0,0.0,0.0156,-4.0004,0.0,0.0,0.0,-5.0757,0.0,0.0,-0.0011,0.2547,0.0,0.0,0.0,-0.137
0.0,0.0,-3.618396520614624,58.04261016845703,-0.06666667014360428,0.20571428537368774,-3.616438388824463,62.237579345703125,0.0,0.0,0.0147,-3.9933,0.0,0.0,0.0,-4.695,0.0,0.0,-0.001,0.2553,0.0,0.0,0.0,0.0228
0.0,0.0,-3.6160688400268555,57.37615966796875,-0.06666667014360428,0.20571428537368774,-3.616438388824463,61.39167404174805,0.0,0.0,0.014,-3.9989,0.0,0.0,0.0,-5.0756,0.0,0.0,-0.0009,0.2549,0.0,0.0,0.0,-0.0228
0.0,0.0,-3.6138603687286377,56.70862579345703,-0.06666667014360428,0.20571428537368774,-3.616438388824463,61.15904998779297,0.0,0.0,0.0133,-4.0054,0.0,0.0,0.0,-1.3958,0.0,0.0,-0.0009,0.2552,0.0,0.0,0.0,0.2208
0.0,0.0,-3.6117751598358154,56.04345703125,-0.06666667014360428,0.20571428537368774,-3.616438388824463,59.99592590332031,0.0,0.0,0.0125,-3.9912,0.0,0.0,0.0,-6.979,0.0,0.0,-0.0009,0.2556,0.0,0.0,0.0,-0.335
0.0,0.0,-3.6097898483276367,55.375301361083984,-0.06666667014360428,0.20571428537368774,-3.616438388824463,59.44608688354492,0.0,0.0,0.0119,-4.0091,0.0,0.0,0.0,-3.2992,0.0,0.0,-0.0008,0.2548,0.0,0.0,0.0,0.2208
0.0,0.0,-3.6079230308532715,54.7127799987793,-0.06666667014360428,0.20571428537368774,-3.616438388824463,59.086578369140625,0.0,0.0,0.0112,-3.9753,0.0,0.0,0.0,-2.1571,0.0,0.0,-0.0008,0.2558,0.0,0.0,0.0,0.0685
0.0,0.0,-3.606145143508911,54.04767990112305,-0.06666667014360428,0.20571428537368774,-3.616438388824463,58.1983757019043,0.0,0.0,0.0107,-3.9908,0.0,0.0,0.0,-5.3294,0.0,0.0,-0.0007,0.2539,0.0,0.0,0.0,-0.1903
0.0,0.0,-3.6044533252716064,53.38045883178711,-0.06666667014360428,0.20571428537368774,-3.616438388824463,57.24673080444336,0.0,0.0,0.0102,-4.0035,0.0,0.0,0.0,-5.7101,0.0,0.0,-0.0007,0.2547,0.0,0.0,0.0,-0.0228
0.0,0.0,-3.602858304977417,52.717769622802734,-0.06666667014360428,0.20571428537368774,-3.616438388824463,56.80263137817383,0.0,0.0,0.0096,-3.9763,0.0,0.0,0.0,-2.6647,0.0,0.0,-0.0007,0.2555,0.0,0.0,0.0,0.1827
0.0,0.0,-3.6013522148132324,52.058807373046875,-0.06666667014360428,0.20571428537368774,-3.616438388824463,56.29508590698242,0.0,0.0,0.009,-3.9539,0.0,0.0,0.0,-3.0454,0.0,0.0,-0.0006,0.2539,0.0,0.0,0.0,-0.0228
0.0,0.0,-3.599905014038086,51.391990661621094,-0.06666667014360428,0.20571428537368774,-3.616438388824463,55.15311050415039,0.0,0.0,0.0087,-4.0011,0.0,0.0,0.0,-6.8521,0.0,0.0,-0.0006,0.2525,0.0,0.0,0.0,-0.2284
0.0,0.0,-3.59855055809021,50.735145568847656,-0.06666667014360428,0.20571428537368774,-3.616438388824463,55.068519592285156,0.0,0.0,0.0081,-3.9412,0.0,0.0,0.0,-0.5076,0.0,0.0,-0.0006,0.2552,0.0,0.0,0.0,0.3807
0.0,0.0,-3.597278356552124,50.086063385009766,-0.06666667014360428,0.20571428537368774,-3.616438388824463,54.26491165161133,0.0,0.0,0.0076,-3.8946,0.0,0.0,0.0,-4.8218,0.0,0.0,-0.0005,0.2518,0.0,0.0,0.0,-0.2589
0.0,0.0,-3.596057176589966,49.43107986450195,-0.06666667014360428,0.20571428537368774,-3.616438388824463,53.419002532958984,0.0,0.0,0.0073,-3.9301,0.0,0.0,0.0,-5.0757,0.0,0.0,-0.0005,0.2488,0.0,0.0,0.0,-0.0152
0.0,0.0,-3.5949103832244873,48.784263610839844,-0.06666667014360428,0.20571428537368774,-3.616438388824463,53.16522979736328,0.0,0.0,0.0069,-3.8811,0.0,0.0,0.0,-1.5227,0.0,0.0,-0.0005,0.2507,0.0,0.0,0.0,0.2132
0.0,0.0,-3.593820810317993,48.13867950439453,-0.06666667014360428,0.20571428537368774,-3.616438388824463,52.23473358154297,0.0,0.0,0.0065,-3.8737,0.0,0.0,0.0,-5.5832,0.0,0.0,-0.0004,0.2479,0.0,0.0,0.0,-0.2436
0.0,0.0,-3.592787027359009,47.49507141113281,-0.06666667014360428,0.20571428537368774,-3.616438388824463,51.55801010131836,0.0,0.0,0.0062,-3.8618,0.0,0.0,0.0,-4.0605,0.0,0.0,-0.0004,0.2473,0.0,0.0,0.0,0.0914
0.0,0.0,-3.5918076038360596,46.854862213134766,-0.06666667014360428,0.20571428537368774,-3.616438388824463,51.07161331176758,0.0,0.0,0.0059,-3.8414,0.0,0.0,0.0,-2.9185,0.0,0.0,-0.0004,0.2466,0.0,0.0,0.0,0.0685
0.0,0.0,-3.5908799171447754,46.21816635131836,-0.06666667014360428,0.20571428537368774,-3.616438388824463,50.01422882080078,0.0,0.0,0.0056,-3.8203,0.0,0.0,0.0,-6.3446,0.0,0.0,-0.0004,0.2453,0.0,0.0,0.0,-0.2056
0.0,0.0,-3.5899996757507324,45.58411407470703,-0.06666667014360428,0.20571428537368774,-3.616438388824463,49.46438980102539,0.0,0.0,0.0053,-3.8045,0.0,0.0,0.0,-3.2992,0.0,0.0,-0.0004,0.2439,0.0,0.0,0.0,0.1827
0.0,0.0,-3.589170455932617,44.957435607910156,-0.06666667014360428,0.20571428537368774,-3.616438388824463,49.21061706542969,0.0,0.0,0.005,-3.7602,0.0,0.0,0.0,-1.5227,0.0,0.0,-0.0003,0.2429,0.0,0.0,0.0,0.1066
0.0,0.0,-3.5883827209472656,44.33310317993164,-0.06666667014360428,0.20571428537368774,-3.616438388824463,48.0474967956543,0.0,0.0,0.0047,-3.7461,0.0,0.0,0.0,-6.979,0.0,0.0,-0.0003,0.2402,0.0,0.0,0.0,-0.3274
0.0,0.0,-3.5876314640045166,43.7089958190918,-0.06666667014360428,0.20571428537368774,-3.616438388824463,47.6033935546875,0.0,0.0,0.0045,-3.7448,0.0,0.0,0.0,-2.6647,0.0,0.0,-0.0003,0.2392,0.0,0.0,0.0,0.2589
0.0,0.0,-3.586923837661743,43.09252166748047,-0.06666667014360428,0.20571428537368774,-3.616438388824463,47.32847595214844,0.0,0.0,0.0042,-3.699,0.0,0.0,0.0,-1.6496,0.0,0.0,-0.0003,0.239,0.0,0.0,0.0,0.0609
0.0,0.0,-3.586254358291626,42.48173141479492,-0.06666667014360428,0.20571428537368774,-3.616438388824463,46.14420700073242,0.0,0.0,0.004,-3.6649,0.0,0.0,0.0,-7.1059,0.0,0.0,-0.0003,0.2363,0.0,0.0,0.0,-0.3274
0.0,0.0,-3.5856196880340576,41.875144958496094,-0.06666667014360428,0.20571428537368774,-3.616438388824463,45.700103759765625,0.0,0.0,0.0038,-3.6397,0.0,0.0,0.0,-2.6647,0.0,0.0,-0.0003,0.2341,0.0,0.0,0.0,0.2665
0.0,0.0,-3.585017442703247,41.27241134643555,-0.06666667014360428,0.20571428537368774,-3.616438388824463,45.36174392700195,0.0,0.0,0.0036,-3.6165,0.0,0.0,0.0,-2.0302,0.0,0.0,-0.0002,0.2324,0.0,0.0,0.0,0.0381
0.0,0.0,-3.5844500064849854,40.67805862426758,-0.06666667014360428,0.20571428537368774,-3.616438388824463,44.32550811767578,0.0,0.0,0.0034,-3.5663,0.0,0.0,0.0,-6.2177,0.0,0.0,-0.0002,0.2309,0.0,0.0,0.0,-0.2513
0.0,0.0,-3.5839080810546875,40.08407974243164,-0.06666667014360428,0.20571428537368774,-3.616438388824463,44.15632629394531,0.0,0.0,0.0033,-3.564,0.0,0.0,0.0,-1.0151,0.0,0.0,-0.0002,0.2278,0.0,0.0,0.0,0.3122
0.0,0.0,-3.5833969116210938,39.49812316894531,-0.06666667014360428,0.20571428537368774,-3.616438388824463,43.41615676879883,0.0,0.0,0.0031,-3.5159,0.0,0.0,0.0,-4.4412,0.0,0.0,-0.0002,0.2275,0.0,0.0,0.0,-0.2056
0.0,0.0,-3.5829122066497803,38.91697311401367,-0.06666667014360428,0.20571428537368774,-3.616438388824463,42.82402420043945,0.0,0.0,0.0029,-3.487,0.0,0.0,0.0,-3.5529,0.0,0.0,-0.0002,0.2246,0.0,0.0,0.0,0.0533
0.0,0.0,-3.5824549198150635,38.34377670288086,-0.06666667014360428,0.20571428537368774,-3.616438388824463,42.12614822387695,0.0,0.0,0.0027,-3.4393,0.0,0.0,0.0,-4.1874,0.0,0.0,-0.0002,0.2227,0.0,0.0,0.0,-0.0381
0.0,0.0,-3.582019329071045,37.77330780029297,-0.06666667014360428,0.20571428537368774,-3.616438388824463,41.61860656738281,0.0,0.0,0.0026,-3.423,0.0,0.0,0.0,-3.0454,0.0,0.0,-0.0002,0.2197,0.0,0.0,0.0,0.0685
0.0,0.0,-3.5816071033477783,37.2088737487793,-0.06666667014360428,0.20571428537368774,-3.616438388824463,40.87843704223633,0.0,0.0,0.0025,-3.3867,0.0,0.0,0.0,-4.4412,0.0,0.0,-0.0002,0.2186,0.0,0.0,0.0,-0.0838
0.0,0.0,-3.5812180042266846,36.652732849121094,-0.06666667014360428,0.20571428537368774,-3.616438388824463,40.138267517089844,0.0,0.0,0.0023,-3.337,0.0,0.0,0.0,-4.4412,0.0,0.0,-0.0002,0.2163,0.0,0.0,0.0,0.0
0.0,0.0,-3.5808467864990234,36.09880828857422,-0.06666667014360428,0.20571428537368774,-3.616438388824463,39.58842849731445,0.0,0.0,0.0022,-3.3237,0.0,0.0,0.0,-3.2992,0.0,0.0,-0.0002,0.2132,0.0,0.0,0.0,0.0685
0.0,0.0,-3.5804953575134277,35.551151275634766,-0.06666667014360428,0.20571428537368774,-3.616438388824463,38.95399856567383,0.0,0.0,0.0021,-3.2861,0.0,0.0,0.0,-3.8067,0.0,0.0,-0.0001,0.2122,0.0,0.0,0.0,-0.0305
0.0,0.0,-3.5801661014556885,35.0157470703125,-0.06666667014360428,0.20571428537368774,-3.616438388824463,38.70022964477539,0.0,0.0,0.002,-3.2126,0.0,0.0,0.0,-1.5227,0.0,0.0,-0.0001,0.2099,0.0,0.0,0.0,0.137
0.0,0.0,-3.5798513889312744,34.4821891784668,-0.06666667014360428,0.20571428537368774,-3.616438388824463,38.065799713134766,0.0,0.0,0.0019,-3.2015,0.0,0.0,0.0,-3.8067,0.0,0.0,-0.0001,0.2054,0.0,0.0,0.0,-0.137
0.0,0.0,-3.5795540809631348,33.956363677978516,-0.06666667014360428,0.20571428537368774,-3.616438388824463,37.367923736572266,0.0,0.0,0.0018,-3.1551,0.0,0.0,0.0,-4.1874,0.0,0.0,-0.0001,0.2044,0.0,0.0,0.0,-0.0228
0.0,0.0,-3.5792717933654785,33.43544006347656,-0.06666667014360428,0.20571428537368774,-3.616438388824463,37.05070877075195,0.0,0.0,0.0017,-3.1257,0.0,0.0,0.0,-1.9034,0.0,0.0,-0.0001,0.2016,0.0,0.0,0.0,0.137
0.0,0.0,-3.579005241394043,32.92315673828125,-0.06666667014360428,0.20571428537368774,-3.616438388824463,36.35283660888672,0.0,0.0,0.0016,-3.0738,0.0,0.0,0.0,-4.1874,0.0,0.0,-0.0001,0.1996,0.0,0.0,0.0,-0.137
0.0,0.0,-3.578751802444458,32.41543197631836,-0.06666667014360428,0.20571428537368774,-3.616438388824463,35.33774948120117,0.0,0.0,0.0015,-3.0465,0.0,0.0,0.0,-6.0908,0.0,0.0,-0.0001,0.1964,0.0,0.0,0.0,-0.1142
0.0,0.0,-3.5785129070281982,31.916866302490234,-0.06666667014360428,0.20571428537368774,-3.616438388824463,34.97823715209961,0.0,0.0,0.0014,-2.9915,0.0,0.0,0.0,-2.1572,0.0,0.0,-0.0001,0.1946,0.0,0.0,0.0,0.236
0.0,0.0,-3.5782854557037354,31.422229766845703,-0.06666667014360428,0.20571428537368774,-3.616438388824463,34.68217086791992,0.0,0.0,0.0014,-2.9679,0.0,0.0,0.0,-1.7765,0.0,0.0,-0.0001,0.1912,0.0,0.0,0.0,0.0228
0.0,0.0,-3.578070640563965,30.93597984313965,-0.06666667014360428,0.20571428537368774,-3.616438388824463,33.730525970458984,0.0,0.0,0.0013,-2.9176,0.0,0.0,0.0,-5.7101,0.0,0.0,-0.0001,0.1896,0.0,0.0,0.0,-0.236
0.0,0.0,-3.577867269515991,30.456830978393555,-0.06666667014360428,0.20571428537368774,-3.616438388824463,33.4344596862793,0.0,0.0,0.0012,-2.875,0.0,0.0,0.0,-1.7765,0.0,0.0,-0.0001,0.1864,0.0,0.0,0.0,0.236
0.0,0.0,-3.5776734352111816,29.981830596923828,-0.06666667014360428,0.20571428537368774,-3.616438388824463,32.92691421508789,0.0,0.0,0.0012,-2.8501,0.0,0.0,0.0,-3.0454,0.0,0.0,-0.0001,0.1837,0.0,0.0,0.0,-0.0761
0.0,0.0,-3.57749080657959,29.51561737060547,-0.06666667014360428,0.20571428537368774,-3.616438388824463,32.75773239135742,0.0,0.0,0.0011,-2.7974,0.0,0.0,0.0,-1.0151,0.0,0.0,-0.0001,0.182,0.0,0.0,0.0,0.1218
0.0,0.0,-3.5773191452026367,29.060100555419922,-0.06666667014360428,0.20571428537368774,-3.616438388824463,32.05986022949219,0.0,0.0,0.001,-2.7332,0.0,0.0,0.0,-4.1874,0.0,0.0,-0.0001,0.1788,0.0,0.0,0.0,-0.1903
0.0,0.0,-3.5771541595458984,28.604999542236328,-0.06666667014360428,0.20571428537368774,-3.616438388824463,31.869531631469727,0.0,0.0,0.001,-2.7307,0.0,0.0,0.0,-1.142,0.0,0.0,-0.0001,0.1747,0.0,0.0,0.0,0.1827
0.0,0.0,-3.5769989490509033,28.160009384155273,-0.06666667014360428,0.20571428537368774,-3.616438388824463,31.256250381469727,0.0,0.0,0.0009,-2.67,0.0,0.0,0.0,-3.6798,0.0,0.0,-0.0001,0.1743,0.0,0.0,0.0,-0.1523
0.0,0.0,-3.5768516063690186,27.72078514099121,-0.06666667014360428,0.20571428537368774,-3.616438388824463,30.6218204498291,0.0,0.0,0.0009,-2.6355,0.0,0.0,0.0,-3.8067,0.0,0.0,-0.0001,0.1707,0.0,0.0,0.0,-0.0076
0.0,0.0,-3.576711893081665,27.287729263305664,-0.06666667014360428,0.20571428537368774,-3.616438388824463,30.241161346435547,0.0,0.0,0.0008,-2.5984,0.0,0.0,0.0,-2.284,0.0,0.0,-0.0001,0.1684,0.0,0.0,0.0,0.0914
0.0,0.0,-3.5765798091888428,26.862163543701172,-0.06666667014360428,0.20571428537368774,-3.616438388824463,29.39525604248047,0.0,0.0,0.0008,-2.5535,0.0,0.0,0.0,-5.0756,0.0,0.0,-0.0001,0.166,0.0,0.0,0.0,-0.1675
0.0,0.0,-3.5764551162719727,26.445499420166016,-0.06666667014360428,0.20571428537368774,-3.616438388824463,28.93000602722168,0.0,0.0,0.0007,-2.5001,0.0,0.0,0.0,-2.7916,0.0,0.0,-0.0001,0.1632,0.0,0.0,0.0,0.137
0.0,0.0,-3.57633638381958,26.03347396850586,-0.06666667014360428,0.20571428537368774,-3.616438388824463,28.93000602722168,0.0,0.0,0.0007,-2.4723,0.0,0.0,0.0,0.0,0.0,0.0,-0.0,0.1598,0.0,0.0,0.0,0.1675
0.0,0.0,-3.5762248039245605,25.630998611450195,-0.06666667014360428,0.20571428537368774,-3.616438388824463,28.21098518371582,0.0,0.0,0.0007,-2.4149,0.0,0.0,0.0,-4.3143,0.0,0.0,-0.0,0.1579,0.0,0.0,0.0,-0.2589
0.0,0.0,-3.576117992401123,25.231191635131836,-0.06666667014360428,0.20571428537368774,-3.616438388824463,27.76688575744629,0.0,0.0,0.0006,-2.3989,0.0,0.0,0.0,-2.6647,0.0,0.0,-0.0,0.1544,0.0,0.0,0.0,0.099
0.0,0.0,-3.576016426086426,24.83696937561035,-0.06666667014360428,0.20571428537368774,-3.616438388824463,27.576555252075195,0.0,0.0,0.0006,-2.3654,0.0,0.0,0.0,-1.142,0.0,0.0,-0.0,0.1532,0.0,0.0,0.0,0.0914
0.0,0.0,-3.5759215354919434,24.454547882080078,-0.06666667014360428,0.20571428537368774,-3.616438388824463,27.11130714416504,0.0,0.0,0.0006,-2.2946,0.0,0.0,0.0,-2.7916,0.0,0.0,-0.0,0.1511,0.0,0.0,0.0,-0.099
0.0,0.0,-3.575831174850464,24.076602935791016,-0.06666667014360428,0.20571428537368774,-3.616438388824463,26.498023986816406,0.0,0.0,0.0005,-2.2678,0.0,0.0,0.0,-3.6798,0.0,0.0,-0.0,0.1467,0.0,0.0,0.0,-0.0533
0.0,0.0,-3.5757458209991455,23.706308364868164,-0.06666667014360428,0.20571428537368774,-3.616438388824463,26.413434982299805,0.0,0.0,0.0005,-2.2219,0.0,0.0,0.0,-0.5076,0.0,0.0,-0.0,0.1449,0.0,0.0,0.0,0.1903
0.0,0.0,-3.575664758682251,23.341861724853516,-0.03333333507180214,0.20571428537368774,-3.616438388824463,25.60982322692871,0.0,0.0,0.0005,-2.1868,0.2,0.0,0.0,-4.8219,0.0,0.0,-0.0,0.142,0.012,0.0,0.0,-0.2589
0.0,0.0,-3.5755879878997803,22.983617782592773,-0.06666667014360428,0.20571428537368774,-3.616438388824463,25.461790084838867,0.0,0.0,0.0005,-2.1495,-0.2,0.0,0.0,-0.8882,0.0,0.0,-0.0,0.1397,-0.024,0.0,0.0,0.236
0.0,0.0,-3.575514793395996,22.630599975585938,-0.06666667014360428,0.20571428537368774,-3.616438388824463,25.081130981445312,0.0,0.0,0.0004,-2.1182,0.0,0.0,0.0,-2.284,0.0,0.0,-0.0,0.1374,0.012,0.0,0.0,-0.0838
0.0,0.0,-3.575446605682373,22.288860321044922,-0.06666667014360428,0.20571428537368774,-3.616438388824463,24.63702964782715,0.0,0.0,0.0004,-2.0505,0.0,0.0,0.0,-2.6647,0.0,0.0,-0.0,0.1353,0.0,0.0,0.0,-0.0228
0.0,0.0,-3.575381278991699,21.950374603271484,-0.06666667014360428,0.20571428537368774,-3.616438388824463,24.066043853759766,0.0,0.0,0.0004,-2.031,0.0,0.0,0.0,-3.4261,0.0,0.0,-0.0,0.1312,0.0,0.0,0.0,-0.0457
0.0,0.0,-3.575319290161133,21.616992950439453,-0.06666667014360428,0.20571428537368774,-3.616438388824463,23.960304260253906,0.0,0.0,0.0004,-2.0004,0.0,0.0,0.0,-0.6345,0.0,0.0,-0.0,0.1297,0.0,0.0,0.0,0.1675
0.0,0.0,-3.575260877609253,21.29202651977539,-0.06666667014360428,0.20571428537368774,-3.616438388824463,23.600793838500977,0.0,0.0,0.0004,-1.9499,0.0,0.0,0.0,-2.1571,0.0,0.0,-0.0,0.1278,0.0,0.0,0.0,-0.0914
0.0,0.0,-3.575205087661743,20.970436096191406,-0.06666667014360428,0.20571428537368774,-3.616438388824463,22.860626220703125,0.0,0.0,0.0003,-1.9296,0.0,0.0,0.0,-4.4412,0.0,0.0,-0.0,0.1247,0.0,0.0,0.0,-0.1371
0.0,0.0,-3.575152635574341,20.65730857849121,-0.06666667014360428,0.20571428537368774,-3.616438388824463,22.88177490234375,0.0,0.0,0.0003,-1.8788,0.0,0.0,0.0,0.1269,0.0,0.0,-0.0,0.1233,0.0,0.0,0.0,0.2741
0.0,0.0,-3.5751025676727295,20.348451614379883,-0.06666667014360428,0.20571428537368774,-3.616438388824463,22.437673568725586,0.0,0.0,0.0003,-1.8532,0.0,0.0,0.0,-2.6647,0.0,0.0,-0.0,0.1201,0.0,0.0,0.0,-0.1675
0.0,0.0,-3.5750553607940674,20.046072006225586,-0.06666667014360428,0.20571428537368774,-3.616438388824463,22.331933975219727,0.0,0.0,0.0003,-1.8144,0.0,0.0,0.0,-0.6345,0.0,0.0,-0.0,0.1184,0.0,0.0,0.0,0.1218
0.0,0.0,-3.5750110149383545,19.751901626586914,-0.06666667014360428,0.20571428537368774,-3.616438388824463,21.993572235107422,0.0,0.0,0.0003,-1.7651,0.0,0.0,0.0,-2.0303,0.0,0.0,-0.0,0.116,0.0,0.0,0.0,-0.0837
0.0,0.0,-3.5749685764312744,19.46153450012207,-0.06666667014360428,0.20571428537368774,-3.616438388824463,21.48602867126465,0.0,0.0,0.0003,-1.7423,0.0,0.0,0.0,-3.0454,0.0,0.0,-0.0,0.1129,0.0,0.0,0.0,-0.0609
0.0,0.0,-3.5749285221099854,19.17734718322754,-0.06666667014360428,0.20571428537368774,-3.616438388824463,21.359142303466797,0.0,0.0,0.0002,-1.7052,0.0,0.0,0.0,-0.7613,0.0,0.0,-0.0,0.1113,0.0,0.0,0.0,0.137
0.0,0.0,-3.574890375137329,18.898086547851562,-0.06666667014360428,0.20571428537368774,-3.583561658859253,20.851598739624023,0.0,0.0,0.0002,-1.6756,0.0,0.0,0.1973,-3.0454,0.0,0.0,-0.0,0.109,0.0,0.0,0.0118,-0.1371
0.0,0.0,-3.5748543739318848,18.62541389465332,-0.06666667014360428,0.20571428537368774,-3.583561658859253,20.449792861938477,0.0,0.0,0.0002,-1.6361,0.0,0.0,0.0,-2.4109,0.0,0.0,-0.0,0.1071,0.0,0.0,-0.0118,0.0381
0.0,0.0,-3.5748205184936523,18.359025955200195,-0.06666667014360428,0.20571428537368774,-3.583561658859253,20.005691528320312,0.0,0.0,0.0002,-1.5984,0.0,0.0,0.0,-2.6647,0.0,0.0,-0.0,0.1046,0.0,0.0,0.0,-0.0152
0.0,0.0,-3.5747880935668945,18.096988677978516,-0.06666667014360428,0.20571428537368774,-3.583561658859253,19.87880516052246,0.0,0.0,0.0002,-1.5723,0.0,0.0,0.0,-0.7613,0.0,0.0,-0.0,0.1022,0.0,0.0,0.0,0.1142
0.0,0.0,-3.5747575759887695,17.840646743774414,-0.06666667014360428,0.20571428537368774,-3.583561658859253,19.49814796447754,0.0,0.0,0.0002,-1.5381,0.0,0.0,0.0,-2.284,0.0,0.0,-0.0,0.1005,0.0,0.0,0.0,-0.0914
0.0,0.0,-3.574728488922119,17.588350296020508,-0.06666667014360428,0.20571428537368774,-3.583561658859253,19.455852508544922,0.0,0.0,0.0002,-1.5138,0.0,0.0,0.0,-0.2538,0.0,0.0,-0.0,0.0983,0.0,0.0,0.0,0.1218
0.0,0.0,-3.5747010707855225,17.343994140625,-0.06666667014360428,0.20571428537368774,-3.583561658859253,19.117488861083984,0.0,0.0,0.0002,-1.4662,0.0,0.0,0.0,-2.0303,0.0,0.0,-0.0,0.0967,0.0,0.0,0.0,-0.1066
0.0,0.0,-3.5746748447418213,17.101152420043945,-0.06666667014360428,0.20571428537368774,-3.583561658859253,18.821422576904297,0.0,0.0,0.0002,-1.4571,0.0,0.0,0.0,-1.7765,0.0,0.0,-0.0,0.0938,0.0,0.0,0.0,0.0152
0.0,0.0,-3.574650526046753,16.86843490600586,-0.06666667014360428,0.20571428537368774,-3.583561658859253,18.208139419555664,0.0,0.0,0.0001,-1.3964,0.0,0.0,0.0,-3.6798,0.0,0.0,-0.0,0.0931,0.0,0.0,0.0,-0.1142
0.0,0.0,-3.574627161026001,16.63755226135254,-0.06666667014360428,0.20571428537368774,-3.583561658859253,18.208139419555664,0.0,0.0,0.0001,-1.3854,0.0,0.0,0.0,0.0,0.0,0.0,-0.0,0.0894,0.0,0.0,0.0,0.2208
0.0,0.0,-3.5746049880981445,16.412099838256836,-0.06666667014360428,0.20571428537368774,-3.583561658859253,17.912073135375977,0.0,0.0,0.0001,-1.3528,0.0,0.0,0.0,-1.7765,0.0,0.0,-0.0,0.0885,0.0,0.0,0.0,-0.1066
0.0,0.0,-3.5745842456817627,16.191923141479492,-0.06666667014360428,0.20571428537368774,-3.583561658859253,17.86977767944336,0.0,0.0,0.0001,-1.3211,0.0,0.0,0.0,-0.2538,0.0,0.0,-0.0,0.0865,0.0,0.0,0.0,0.0914
0.0,0.0,-3.574564218521118,15.975561141967773,-0.06666667014360428,0.20571428537368774,-3.583561658859253,17.57370948791504,0.0,0.0,0.0001,-1.2982,0.0,0.0,0.0,-1.7765,0.0,0.0,-0.0,0.0845,0.0,0.0,0.0,-0.0914
0.0,0.0,-3.5745456218719482,15.765186309814453,-0.06666667014360428,0.20571428537368774,-3.583561658859253,17.235347747802734,0.0,0.0,0.0001,-1.2623,0.0,0.0,0.0,-2.0303,0.0,0.0,-0.0,0.083,0.0,0.0,0.0,-0.0152
0.0,0.0,-3.5745277404785156,15.558378219604492,-0.06666667014360428,0.20571428537368774,-3.583561658859253,16.939279556274414,0.0,0.0,0.0001,-1.2409,0.0,0.0,0.0,-1.7765,0.0,0.0,-0.0,0.0807,0.0,0.0,0.0,0.0152
0.0,0.0,-3.5745108127593994,15.356368064880371,-0.06666667014360428,0.20571428537368774,-3.583561658859253,16.72780418395996,0.0,0.0,0.0001,-1.2121,0.0,0.0,0.0,-1.2689,0.0,0.0,-0.0,0.0793,0.0,0.0,0.0,0.0305
0.0,0.0,-3.5744948387145996,15.158517837524414,-0.06666667014360428,0.20571428537368774,-3.583561658859253,16.177963256835938,0.0,0.0,0.0001,-1.1871,0.0,0.0,0.0,-3.2992,0.0,0.0,-0.0,0.0775,0.0,0.0,0.0,-0.1218
0.0,0.0,-3.574479818344116,14.965568542480469,-0.06666667014360428,0.20571428537368774,-3.583561658859253,16.262554168701172,0.0,0.0,0.0001,-1.1577,0.0,0.0,0.0,0.5076,0.0,0.0,-0.0,0.0759,0.0,0.0,0.0,0.2284
0.0,0.0,-3.57446551322937,14.776883125305176,-0.06666667014360428,0.20571428537368774,-3.583561658859253,15.860749244689941,0.0,0.0,0.0001,-1.1322,0.0,0.0,0.0,-2.4109,0.0,0.0,-0.0,0.074,0.0,0.0,0.0,-0.1751
0.0,0.0,-3.5744519233703613,14.592065811157227,-0.06666667014360428,0.20571428537368774,-3.583561658859253,15.924192428588867,0.0,0.0,0.0001,-1.1089,0.0,0.0,0.0,0.3807,0.0,0.0,-0.0,0.0724,0.0,0.0,0.0,0.1675
0.0,0.0,-3.57443904876709,14.411783218383789,-0.06666667014360428,0.20571428537368774,-3.583561658859253,15.691567420959473,0.0,0.0,0.0001,-1.0817,0.0,0.0,0.0,-1.3958,0.0,0.0,-0.0,0.0709,0.0,0.0,0.0,-0.1066
0.0,0.0,-3.5744268894195557,14.235283851623535,-0.06666667014360428,0.20571428537368774,-3.583561658859253,15.226319313049316,0.0,0.0,0.0001,-1.059,0.0,0.0,0.0,-2.7916,0.0,0.0,-0.0,0.0692,0.0,0.0,0.0,-0.0838
0.0,0.0,-3.574415445327759,14.064003944396973,-0.06666667014360428,0.20571428537368774,-3.583561658859253,15.31091022491455,0.0,0.0,0.0001,-1.0277,0.0,0.0,0.0,0.5076,0.0,0.0,-0.0,0.0677,0.0,0.0,0.0,0.198
0.0,0.0,-3.574404239654541,13.894564628601074,-0.06666667014360428,0.20571428537368774,-3.583561658859253,14.993695259094238,0.0,0.0,0.0001,-1.0167,0.0,0.0,0.0,-1.9034,0.0,0.0,-0.0,0.0657,0.0,0.0,0.0,-0.1447
0.0,0.0,-3.5743939876556396,13.730294227600098,-0.06666667014360428,0.20571428537368774,-3.583561658859253,14.993695259094238,0.0,0.0,0.0001,-0.9857,0.0,0.0,0.0,0.0,0.0,0.0,-0.0,0.0649,0.0,0.0,0.0,0.1142
0.0,0.0,-3.5743842124938965,13.56919002532959,-0.06666667014360428,0.20571428537368774,-3.550684928894043,14.676480293273926,0.0,0.0,0.0001,-0.9667,0.0,0.0,0.1973,-1.9034,0.0,0.0,-0.0,0.063,0.0,0.0,0.0118,-0.1142
0.0,0.0,-3.5743749141693115,13.412446022033691,-0.06666667014360428,0.20571428537368774,-3.550684928894043,14.401559829711914,0.0,0.0,0.0001,-0.9405,0.0,0.0,0.0,-1.6496,0.0,0.0,-0.0,0.0618,0.0,0.0,-0.0118,0.0152
0.0,0.0,-3.5743660926818848,13.258766174316406,-0.06666667014360428,0.20571428537368774,-3.550684928894043,14.359265327453613,0.0,0.0,0.0001,-0.9221,0.0,0.0,0.0,-0.2538,0.0,0.0,-0.0,0.0601,0.0,0.0,0.0,0.0838
0.0,0.0,-3.574357748031616,13.108567237854004,-0.06666667014360428,0.20571428537368774,-3.550684928894043,13.936311721801758,0.0,0.0,0.0001,-0.9012,0.0,0.0,0.0,-2.5378,0.0,0.0,-0.0,0.0589,0.0,0.0,0.0,-0.137
0.0,0.0,-3.574349880218506,12.962081909179688,-0.06666667014360428,0.20571428537368774,-3.583561658859253,14.020902633666992,0.0,0.0,0.0,-0.8789,0.0,0.0,-0.1973,0.5076,0.0,0.0,-0.0,0.0576,0.0,0.0,-0.0118,0.1827
0.0,0.0,-3.5743422508239746,12.818441390991211,-0.06666667014360428,0.20571428537368774,-3.583561658859253,13.682539939880371,0.0,0.0,0.0,-0.8619,0.0,0.0,0.0,-2.0303,0.0,0.0,-0.0,0.0562,0.0,0.0,0.0118,-0.1523
0.0,0.0,-3.5743353366851807,12.679036140441895,-0.06666667014360428,0.20571428537368774,-3.583561658859253,13.70368766784668,0.0,0.0,0.0,-0.8365,0.0,0.0,0.0,0.1269,0.0,0.0,-0.0,0.0551,0.0,0.0,0.0,0.1294
0.0,0.0,-3.574328660964966,12.543296813964844,-0.06666667014360428,0.20571428537368774,-3.550684928894043,13.365324974060059,0.0,0.0,0.0,-0.8145,0.0,0.0,0.1973,-2.0303,0.0,0.0,-0.0,0.0535,0.0,0.0,0.0118,-0.1294
0.0,0.0,-3.57432222366333,12.41057014465332,-0.06666667014360428,0.20571428537368774,-3.583561658859253,13.365324974060059,0.0,0.0,0.0,-0.7964,0.0,0.0,-0.1973,0.0,0.0,0.0,-0.0,0.0521,0.0,0.0,-0.0237,0.1218
0.0,0.0,-3.5743162631988525,12.280680656433105,-0.06666667014360428,0.20571428537368774,-3.550684928894043,13.048110008239746,0.0,0.0,0.0,-0.7794,0.0,0.0,0.1973,-1.9034,0.0,0.0,-0.0,0.0509,0.0,0.0,0.0237,-0.1142
0.0,0.0,-3.574310541152954,12.154025077819824,-0.06666667014360428,0.20571428537368774,-3.583561658859253,12.730895042419434,0.0,0.0,0.0,-0.76,0.0,0.0,-0.1973,-1.9034,0.0,0.0,-0.0,0.0498,0.0,0.0,-0.0237,0.0
0.0,0.0,-3.5743050575256348,12.029759407043457,-0.06666667014360428,0.20571428537368774,-3.550684928894043,12.709747314453125,0.0,0.0,0.0,-0.7456,0.0,0.0,0.1973,-0.1269,0.0,0.0,-0.0,0.0486,0.0,0.0,0.0237,0.1066
0.0,0.0,-3.5743000507354736,11.908931732177734,-0.06666667014360428,0.20571428537368774,-3.583561658859253,12.730895042419434,0.0,0.0,0.0,-0.725,0.0,0.0,-0.1973,0.1269,0.0,0.0,-0.0,0.0477,0.0,0.0,-0.0237,0.0152
0.0,0.0,-3.5742950439453125,11.79110336303711,-0.06666667014360428,0.20571428537368774,-3.550684928894043,12.350236892700195,0.0,0.0,0.0,-0.707,0.0,0.0,0.1973,-2.284,0.0,0.0,-0.0,0.0464,0.0,0.0,0.0237,-0.1447
0.0,0.0,-3.5742905139923096,11.675695419311523,-0.06666667014360428,0.20571428537368774,-3.583561658859253,12.413680076599121,0.0,0.0,0.0,-0.6925,0.0,0.0,-0.1973,0.3807,0.0,0.0,-0.0,0.0452,0.0,0.0,-0.0237,0.1599
0.0,0.0,-3.5742862224578857,11.56355094909668,-0.06666667014360428,0.20571428537368774,-3.583561658859253,12.43482780456543,0.0,0.0,0.0,-0.6729,0.0,0.0,0.0,0.1269,0.0,0.0,-0.0,0.0443,0.0,0.0,0.0118,-0.0152
0.0,0.0,-3.574282169342041,11.454170227050781,-0.06666667014360428,0.20571428537368774,-3.550684928894043,12.13875961303711,0.0,0.0,0.0,-0.6563,0.0,0.0,0.1973,-1.7765,0.0,0.0,-0.0,0.043,0.0,0.0,0.0118,-0.1142
0.0,0.0,-3.5742781162261963,11.346516609191895,-0.03333333507180214,0.20571428537368774,-3.583561658859253,12.1176118850708,0.0,0.0,0.0,-0.6459,0.2,0.0,-0.1973,-0.1269,0.0,0.0,-0.0,0.042,0.012,0.0,-0.0237,0.099
0.0,0.0,-3.5742745399475098,11.24213981628418,-0.06666667014360428,0.20571428537368774,-3.550684928894043,11.948431015014648,0.0,0.0,0.0,-0.6263,-0.2,0.0,0.1973,-1.0151,0.0,0.0,-0.0,0.0413,-0.024,0.0,0.0237,-0.0533
0.0,0.0,-3.5742709636688232,11.140144348144531,-0.06666667014360428,0.20571428537368774,-3.550684928894043,11.821544647216797,0.0,0.0,0.0,-0.612,0.0,0.0,0.0,-0.7613,0.0,0.0,-0.0,0.0401,0.012,0.0,-0.0118,0.0152
0.0,0.0,-3.574267625808716,11.040578842163086,-0.06666667014360428,0.20571428537368774,-3.550684928894043,11.800396919250488,0.0,0.0,0.0,-0.5974,0.0,0.0,0.0,-0.1269,0.0,0.0,-0.0,0.0391,0.0,0.0,0.0,0.0381
0.0,0.0,-3.5742645263671875,10.94373893737793,-0.06666667014360428,0.20571428537368774,-3.550684928894043,11.483181953430176,0.0,0.0,0.0,-0.5811,0.0,0.0,0.0,-1.9034,0.0,0.0,-0.0,0.0382,0.0,0.0,0.0,-0.1066
0.0,0.0,-3.574261426925659,10.849098205566406,-0.03333333507180214,0.20571428537368774,-3.550684928894043,11.483181953430176,0.0,0.0,0.0,-0.5679,0.2,0.0,0.0,0.0,0.0,0.0,-0.0,0.0372,0.012,0.0,0.0,0.1142
0.0,0.0,-3.574258804321289,10.756791114807129,-0.06666667014360428,0.20571428537368774,-3.550684928894043,11.483181953430176,0.0,0.0,0.0,-0.5539,-0.2,0.0,0.0,0.0,0.0,0.0,-0.0,0.0363,-0.024,0.0,0.0,0.0
0.0,0.0,-3.57425594329834,10.66672134399414,-0.06666667014360428,0.20571428537368774,-3.550684928894043,11.187114715576172,0.0,0.0,0.0,-0.5404,0.0,0.0,0.0,-1.7765,0.0,0.0,-0.0,0.0354,0.012,0.0,0.0,-0.1066
0.0,0.0,-3.574253559112549,10.578959465026855,-0.06666667014360428,0.20571428537368774,-3.550684928894043,11.165966987609863,0.0,0.0,0.0,-0.5266,0.0,0.0,0.0,-0.1269,0.0,0.0,-0.0,0.0345,0.0,0.0,0.0,0.099
0.0,0.0,-3.574251174926758,10.49288558959961,-0.06666667014360428,0.20571428537368774,-3.550684928894043,11.165966987609863,0.0,0.0,0.0,-0.5165,0.0,0.0,0.0,0.0,0.0,0.0,-0.0,0.0337,0.0,0.0,0.0,0.0076
0.0,0.0,-3.574248790740967,10.409698486328125,-0.06666667014360428,0.20571428537368774,-3.550684928894043,10.785309791564941,0.0,0.0,0.0,-0.4991,0.0,0.0,0.0,-2.284,0.0,0.0,-0.0,0.033,0.0,0.0,0.0,-0.137
0.0,0.0,-3.574246644973755,10.328326225280762,-0.03333333507180214,0.20571428537368774,-3.550684928894043,10.827604293823242,0.0,0.0,0.0,-0.4883,0.2,0.0,0.0,0.2538,0.0,0.0,-0.0,0.0319,0.012,0.0,0.0,0.1523
0.0,0.0,-3.574244737625122,10.248632431030273,-0.06666667014360428,0.20571428537368774,-3.550684928894043,10.84875202178955,0.0,0.0,0.0,-0.4782,-0.2,0.0,0.0,0.1269,0.0,0.0,-0.0,0.0312,-0.024,0.0,0.0,-0.0076
0.0,0.0,-3.57424259185791,10.170646667480469,-0.06666667014360428,0.20571428537368774,-3.550684928894043,10.65842342376709,0.0,0.0,0.0,-0.4679,0.0,0.0,0.0,-1.142,0.0,0.0,-0.0,0.0306,0.012,0.0,0.0,-0.0761
0.0,0.0,-3.5742409229278564,10.0955171585083,-0.03333333507180214,0.20571428537368774,-3.550684928894043,10.531537055969238,0.0,0.0,0.0,-0.4508,0.2,0.0,0.0,-0.7613,0.0,0.0,-0.0,0.0299,0.012,0.0,0.0,0.0228
0.0,0.0,-3.5742392539978027,10.021568298339844,-0.06666667014360428,0.20571428537368774,-3.550684928894043,10.531537055969238,0.0,0.0,0.0,-0.4437,-0.2,0.0,0.0,0.0,0.0,0.0,-0.0,0.0288,-0.024,0.0,0.0,0.0457
0.0,0.0,-3.574237585067749,9.949895858764648,-0.06666667014360428,0.20571428537368774,-3.550684928894043,10.531537055969238,0.0,0.0,0.0,-0.4301,0.0,0.0,0.0,0.0,0.0,0.0,-0.0,0.0284,0.012,0.0,0.0,0.0
0.0,0.0,-3.5742359161376953,9.879932403564453,-0.06666667014360428,0.20571428537368774,-3.550684928894043,10.277765274047852,0.0,0.0,0.0,-0.4198,0.0,0.0,0.0,-1.5227,0.0,0.0,-0.0,0.0275,0.0,0.0,0.0,-0.0914
0.0,0.0,-3.5742344856262207,9.811272621154785,-0.03333333507180214,0.20571428537368774,-3.550684928894043,10.193174362182617,0.0,0.0,0.0,-0.412,0.2,0.0,0.0,-0.5076,0.0,0.0,-0.0,0.0268,0.012,0.0,0.0,0.0609
0.0,0.0,-3.574233055114746,9.74476432800293,-0.06666667014360428,0.20571428537368774,-3.550684928894043,10.193174362182617,0.0,0.0,0.0,-0.3991,-0.2,0.0,0.0,0.0,0.0,0.0,-0.0,0.0263,-0.024,0.0,0.0,0.0305
0.0,0.0,-3.5742318630218506,9.679888725280762,-0.06666667014360428,0.20571428537368774,-3.550684928894043,10.172027587890625,0.0,0.0,0.0,-0.3893,0.0,0.0,0.0,-0.1269,0.0,0.0,-0.0,0.0255,0.012,0.0,0.0,-0.0076
0.0,0.0,-3.574230432510376,9.616515159606934,-0.06666667014360428,0.20571428537368774,-3.550684928894043,9.960550308227539,0.0,0.0,0.0,-0.3803,0.0,0.0,0.0,-1.2689,0.0,0.0,-0.0,0.0249,0.0,0.0,0.0,-0.0685
0.0,0.0,-3.5742292404174805,9.555225372314453,-0.06666667014360428,0.20571428537368774,-3.550684928894043,9.897107124328613,0.0,0.0,0.0,-0.3678,0.0,0.0,0.0,-0.3807,0.0,0.0,-0.0,0.0243,0.0,0.0,0.0,0.0533
0.0,0.0,-3.574228286743164,9.494697570800781,-0.06666667014360428,0.20571428537368774,-3.550684928894043,9.897107124328613,0.0,0.0,0.0,-0.3632,0.0,0.0,0.0,0.0,0.0,0.0,-0.0,0.0235,0.0,0.0,0.0,0.0228
0.0,0.0,-3.5742270946502686,9.43586540222168,-0.06666667014360428,0.20571428537368774,-3.550684928894043,9.897107124328613,0.0,0.0,0.0,-0.353,0.0,0.0,0.0,0.0,0.0,0.0,-0.0,0.0232,0.0,0.0,0.0,0.0
0.0,0.0,-3.574226140975952,9.378820419311523,-0.06666667014360428,0.20571428537368774,-3.550684928894043,9.537596702575684,0.0,0.0,0.0,-0.3423,0.0,0.0,0.0,-2.1571,0.0,0.0,-0.0,0.0226,0.0,0.0,0.0,-0.1294
0.0,0.0,-3.5742251873016357,9.32325267791748,-0.03333333507180214,0.20571428537368774,-3.550684928894043,9.558744430541992,0.0,0.0,0.0,-0.3334,0.2,0.0,0.0,0.1269,0.0,0.0,-0.0,0.0219,0.012,0.0,0.0,0.137
0.0,0.0,-3.5742242336273193,9.268758773803711,-0.06666667014360428,0.20571428537368774,-3.550684928894043,9.558744430541992,0.0,0.0,0.0,-0.327,-0.2,0.0,0.0,0.0,0.0,0.0,-0.0,0.0213,-0.024,0.0,0.0,-0.0076
0.0,0.0,-3.574223518371582,9.215916633605957,-0.06666667014360428,0.20571428537368774,-3.550684928894043,9.558744430541992,0.0,0.0,0.0,-0.3171,0.0,0.0,0.0,0.0,0.0,0.0,-0.0,0.0209,0.012,0.0,0.0,0.0
0.0,0.0,-3.5742225646972656,9.164135932922363,-0.06666667014360428,0.20571428537368774,-3.550684928894043,9.558744430541992,0.0,0.0,0.0,-0.3107,0.0,0.0,0.0,0.0,0.0,0.0,-0.0,0.0203,0.0,0.0,0.0,0.0
0.0,0.0,-3.5742218494415283,9.11388874053955,-0.06666667014360428,0.20571428537368774,-3.550684928894043,9.558744430541992,0.0,0.0,0.0,-0.3015,0.0,0.0,0.0,0.0,0.0,0.0,-0.0,0.0199,0.0,0.0,0.0,0.0
0.0,0.0,-3.574221134185791,9.064769744873047,-0.06666667014360428,0.20571428537368774,-3.550684928894043,9.558744430541992,0.0,0.0,0.0,-0.2947,0.0,0.0,0.0,0.0,0.0,0.0,-0.0,0.0193,0.0,0.0,0.0,0.0
0.0,0.0,-3.5742204189300537,9.017300605773926,-0.06666667014360428,0.20571428537368774,-3.550684928894043,9.24152946472168,0.0,0.0,0.0,-0.2848,0.0,0.0,0.0,-1.9034,0.0,0.0,-0.0,0.0188,0.0,0.0,0.0,-0.1142
0.0,0.0,-3.5742197036743164,8.97037124633789,-0.03333333507180214,0.20571428537368774,-3.550684928894043,9.262677192687988,0.0,0.0,0.0,-0.2816,0.2,0.0,0.0,0.1269,0.0,0.0,-0.0,0.0182,0.012,0.0,0.0,0.1218
0.0,0.0,-3.574219226837158,8.92523193359375,-0.06666667014360428,0.20571428537368774,-3.550684928894043,9.262677192687988,0.0,0.0,0.0,-0.2708,-0.2,0.0,0.0,0.0,0.0,0.0,-0.0,0.018,-0.024,0.0,0.0,-0.0076
0.0,0.0,-3.574218511581421,8.88098430633545,-0.06666667014360428,0.20571428537368774,-3.550684928894043,9.262677192687988,0.0,0.0,0.0,-0.2655,0.0,0.0,0.0,0.0,0.0,0.0,-0.0,0.0173,0.012,0.0,0.0,0.0
0.0,0.0,-3.5742180347442627,8.837625503540039,-0.06666667014360428,0.20571428537368774,-3.550684928894043,9.262677192687988,0.0,0.0,0.0,-0.2602,0.0,0.0,0.0,0.0,0.0,0.0,-0.0,0.017,0.0,0.0,0.0,0.0
0.0,0.0,-3.5742175579071045,8.795668601989746,-0.03333333507180214,0.20571428537368774,-3.550684928894043,8.903166770935059,0.0,0.0,0.0,-0.2518,0.2,0.0,0.0,-2.1571,0.0,0.0,-0.0,0.0166,0.012,0.0,0.0,-0.1294
0.0,0.0,-3.5742170810699463,8.754781723022461,-0.06666667014360428,0.20571428537368774,-3.550684928894043,8.924314498901367,0.0,0.0,0.0,-0.2453,-0.2,0.0,0.0,0.1269,0.0,0.0,-0.0,0.0161,-0.024,0.0,0.0,0.137
0.0,0.0,-3.574216604232788,8.7149658203125,-0.06666667014360428,0.20571428537368774,-3.550684928894043,8.924314498901367,0.0,0.0,0.0,-0.2389,0.0,0.0,0.0,0.0,0.0,0.0,-0.0,0.0157,0.012,0.0,0.0,-0.0076
0.0,0.0,-3.57421612739563,8.676329612731934,-0.06666667014360428,0.20571428537368774,-3.550684928894043,8.924314498901367,0.0,0.0,0.0,-0.2318,0.0,0.0,0.0,0.0,0.0,0.0,-0.0,0.0153,0.0,0.0,0.0,0.0
0.0,0.0,-3.5742156505584717,8.638321876525879,-0.06666667014360428,0.20571428537368774,-3.550684928894043,8.924314498901367,0.0,0.0,0.0,-0.2281,0.0,0.0,0.0,0.0,0.0,0.0,-0.0,0.0148,0.0,0.0,0.0,0.0
0.0,0.0,-3.5742151737213135,8.601439476013184,-0.06666667014360428,0.20571428537368774,-3.550684928894043,8.924314498901367,0.0,0.0,0.0,-0.2213,0.0,0.0,0.0,0.0,0.0,0.0,-0.0,0.0146,0.0,0.0,0.0,0.0
0.0,0.0,-3.5742149353027344,8.565559387207031,-0.06666667014360428,0.20571428537368774,-3.550684928894043,8.924314498901367,0.0,0.0,0.0,-0.2153,0.0,0.0,0.0,0.0,0.0,0.0,-0.0,0.0142,0.0,0.0,0.0,0.0
0.0,0.0,-3.574214458465576,8.530430793762207,-0.06666667014360428,0.20571428537368774,-3.550684928894043,8.67054271697998,0.0,0.0,0.0,-0.2108,0.0,0.0,0.0,-1.5227,0.0,0.0,-0.0,0.0138,0.0,0.0,0.0,-0.0914
0.0,0.0,-3.574214220046997,8.496509552001953,-0.03333333507180214,0.20571428537368774,-3.550684928894043,8.649394989013672,0.0,0.0,0.0,-0.2035,0.2,0.0,0.0,-0.1269,0.0,0.0,-0.0,0.0135,0.012,0.0,0.0,0.0838
0.0,0.0,-3.574213743209839,8.463322639465332,-0.03333333507180214,0.20571428537368774,-3.550684928894043,8.607099533081055,0.0,0.0,0.0,-0.1991,0.0,0.0,0.0,-0.2538,0.0,0.0,-0.0,0.013,-0.012,0.0,0.0,-0.0076
0.0,0.0,-3.5742135047912598,8.430801391601562,-0.06666667014360428,0.20571428537368774,-3.550684928894043,8.607099533081055,0.0,0.0,0.0,-0.1951,-0.2,0.0,0.0,0.0,0.0,0.0,-0.0,0.0127,-0.012,0.0,0.0,0.0152
0.0,0.0,-3.5742132663726807,8.399248123168945,-0.06666667014360428,0.20571428537368774,-3.550684928894043,8.607099533081055,0.0,0.0,0.0,-0.1893,0.0,0.0,0.0,0.0,0.0,0.0,-0.0,0.0125,0.012,0.0,0.0,0.0
0.0,0.0,-3.5742130279541016,8.3685302734375,-0.06666667014360428,0.20571428537368774,-3.550684928894043,8.607099533081055,0.0,0.0,0.0,-0.1843,0.0,0.0,0.0,0.0,0.0,0.0,-0.0,0.0121,0.0,0.0,0.0,0.0
0.0,0.0,-3.5742127895355225,8.338634490966797,-0.06666667014360428,0.20571428537368774,-3.550684928894043,8.607099533081055,0.0,0.0,0.0,-0.1794,0.0,0.0,0.0,0.0,0.0,0.0,-0.0,0.0118,0.0,0.0,0.0,0.0
0.0,0.0,-3.5742125511169434,8.309446334838867,-0.06666667014360428,0.20571428537368774,-3.550684928894043,8.607099533081055,0.0,0.0,0.0,-0.1751,0.0,0.0,0.0,0.0,0.0,0.0,-0.0,0.0115,0.0,0.0,0.0,0.0
0.0,0.0,-3.5742123126983643,8.281048774719238,-0.06666667014360428,0.20571428537368774,-3.550684928894043,8.607099533081055,0.0,0.0,0.0,-0.1704,0.0,0.0,0.0,0.0,0.0,0.0,-0.0,0.0112,0.0,0.0,0.0,0.0
0.0,0.0,-3.574212074279785,8.253398895263672,-0.06666667014360428,0.20571428537368774,-3.550684928894043,8.607099533081055,0.0,0.0,0.0,-0.1659,0.0,0.0,0.0,0.0,0.0,0.0,-0.0,0.0109,0.0,0.0,0.0,0.0
0.0,0.0,-3.574211835861206,8.226332664489746,-0.06666667014360428,0.20571428537368774,-3.550684928894043,8.607099533081055,0.0,0.0,0.0,-0.1624,0.0,0.0,0.0,0.0,0.0,0.0,-0.0,0.0106,0.0,0.0,0.0,0.0
0.0,0.0,-3.574211597442627,8.200000762939453,-0.06666667014360428,0.20571428537368774,-3.550684928894043,8.607099533081055,0.0,0.0,0.0,-0.158,0.0,0.0,0.0,0.0,0.0,0.0,-0.0,0.0104,0.0,0.0,0.0,0.0
0.0,0.0,-3.574211359024048,8.17443561553955,-0.06666667014360428,0.20571428537368774,-3.550684928894043,8.607099533081055,0.0,0.0,0.0,-0.1534,0.0,0.0,0.0,0.0,0.0,0.0,-0.0,0.0101,0.0,0.0,0.0,0.0
0.0,0.0,-3.5742111206054688,8.149560928344727,-0.03333333507180214,0.20571428537368774,-3.550684928894043,8.33218002319336,0.0,0.0,0.0,-0.1493,0.2,0.0,0.0,-1.6496,0.0,0.0,-0.0,0.0098,0.012,0.0,0.0,-0.099
0.0,0.0,-3.5742111206054688,8.125237464904785,-0.03333333507180214,0.20571428537368774,-3.550684928894043,8.289884567260742,0.0,0.0,0.0,-0.1459,0.0,0.0,0.0,-0.2538,0.0,0.0,-0.0,0.0095,-0.012,0.0,0.0,0.0838
0.0,0.0,-3.5742108821868896,8.101436614990234,-0.06666667014360428,0.20571428537368774,-3.550684928894043,8.289884567260742,0.0,0.0,0.0,-0.1428,-0.2,0.0,0.0,0.0,0.0,0.0,-0.0,0.0093,-0.012,0.0,0.0,0.0152
0.0,0.0,-3.5742106437683105,8.078412055969238,-0.06666667014360428,0.20571428537368774,-3.550684928894043,8.289884567260742,0.0,0.0,0.0,-0.1382,0.0,0.0,0.0,0.0,0.0,0.0,-0.0,0.0091,0.012,0.0,0.0,0.0
0.0,0.0,-3.5742106437683105,8.055901527404785,-0.06666667014360428,0.20571428537368774,-3.550684928894043,8.289884567260742,0.0,0.0,0.0,-0.1351,0.0,0.0,0.0,0.0,0.0,0.0,-0.0,0.0088,0.0,0.0,0.0,0.0
0.0,0.0,-3.5742104053497314,8.03422737121582,-0.06666667014360428,0.20571428537368774,-3.550684928894043,8.289884567260742,0.0,0.0,0.0,-0.1301,0.0,0.0,0.0,0.0,0.0,0.0,-0.0,0.0086,0.0,0.0,0.0,0.0
0.0,0.0,-3.5742104053497314,8.012653350830078,-0.06666667014360428,0.20571428537368774,-3.550684928894043,8.289884567260742,0.0,0.0,0.0,-0.1294,0.0,0.0,0.0,0.0,0.0,0.0,-0.0,0.0083,0.0,0.0,0.0,0.0
0.0,0.0,-3.5742101669311523,7.99221134185791,-0.06666667014360428,0.20571428537368774,-3.550684928894043,8.289884567260742,0.0,0.0,0.0,-0.1227,0.0,0.0,0.0,0.0,0.0,0.0,-0.0,0.0083,0.0,0.0,0.0,0.0
0.0,0.0,-3.5742101669311523,7.9720306396484375,-0.06666667014360428,0.20571428537368774,-3.550684928894043,8.289884567260742,0.0,0.0,0.0,-0.1211,0.0,0.0,0.0,0.0,0.0,0.0,-0.0,0.0079,0.0,0.0,0.0,0.0
0.0,0.0,-3.5742099285125732,7.952311038970947,-0.06666667014360428,0.20571428537368774,-3.550684928894043,8.289884567260742,0.0,0.0,0.0,-0.1183,0.0,0.0,0.0,0.0,0.0,0.0,-0.0,0.0077,0.0,0.0,0.0,0.0
0.0,0.0,-3.5742099285125732,7.933073997497559,-0.06666667014360428,0.20571428537368774,-3.550684928894043,8.289884567260742,0.0,0.0,0.0,-0.1154,0.0,0.0,0.0,0.0,0.0,0.0,-0.0,0.0076,0.0,0.0,0.0,0.0
0.0,0.0,-3.574209690093994,7.914380073547363,-0.03333333507180214,0.20571428537368774,-3.550684928894043,7.951522350311279,0.0,0.0,0.0,-0.1122,0.2,0.0,0.0,-2.0303,0.0,0.0,-0.0,0.0074,0.012,0.0,0.0,-0.1218
0.0,0.0,-3.574209690093994,7.896244049072266,-0.03333333507180214,0.20571428537368774,-3.550684928894043,7.972670078277588,0.0,0.0,0.0,-0.1088,0.0,0.0,0.0,0.1269,0.0,0.0,-0.0,0.0072,-0.012,0.0,0.0,0.1294
0.0,0.0,-3.574209690093994,7.878583908081055,-0.06666667014360428,0.20571428537368774,-3.550684928894043,7.9938178062438965,0.0,0.0,0.0,-0.106,-0.2,0.0,0.0,0.1269,0.0,0.0,-0.0,0.007,-0.012,0.0,0.0,-0.0
0.0,0.0,-3.574209451675415,7.861323356628418,-0.06666667014360428,0.20571428537368774,-3.550684928894043,7.972670078277588,0.0,0.0,0.0,-0.1036,0.0,0.0,0.0,-0.1269,0.0,0.0,-0.0,0.0068,0.012,0.0,0.0,-0.0152
0.0,0.0,-3.574209451675415,7.844506740570068,-0.06666667014360428,0.20571428537368774,-3.550684928894043,7.972670078277588,0.0,0.0,0.0,-0.1009,0.0,0.0,0.0,0.0,0.0,0.0,-0.0,0.0066,0.0,0.0,0.0,0.0076
0.0,0.0,-3.574209451675415,7.828088760375977,-0.06666667014360428,0.20571428537368774,-3.550684928894043,7.9938178062438965,0.0,0.0,0.0,-0.0985,0.0,0.0,0.0,0.1269,0.0,0.0,-0.0,0.0065,0.0,0.0,0.0,0.0076
0.0,0.0,-3.574209213256836,7.812195777893066,-0.06666667014360428,0.20571428537368774,-3.550684928894043,7.972670078277588,0.0,0.0,0.0,-0.0954,0.0,0.0,0.0,-0.1269,0.0,0.0,-0.0,0.0063,0.0,0.0,0.0,-0.0152
0.0,0.0,-3.574209213256836,7.796620845794678,-0.06666667014360428,0.20571428537368774,-3.550684928894043,7.9938178062438965,0.0,0.0,0.0,-0.0935,0.0,0.0,0.0,0.1269,0.0,0.0,-0.0,0.0061,0.0,0.0,0.0,0.0152
0.0,0.0,-3.574209213256836,7.781588554382324,-0.06666667014360428,0.20571428537368774,-3.550684928894043,7.972670078277588,0.0,0.0,0.0,-0.0902,0.0,0.0,0.0,-0.1269,0.0,0.0,-0.0,0.006,0.0,0.0,0.0,-0.0152
0.0,0.0,-3.574209213256836,7.766814231872559,-0.06666667014360428,0.20571428537368774,-3.550684928894043,7.9938178062438965,0.0,0.0,0.0,-0.0886,0.0,0.0,0.0,0.1269,0.0,0.0,-0.0,0.0058,0.0,0.0,0.0,0.0152
0.0,0.0,-3.574208974838257,7.752439975738525,-0.06666667014360428,0.20571428537368774,-3.550684928894043,7.9938178062438965,0.0,0.0,0.0,-0.0862,0.0,0.0,0.0,0.0,0.0,0.0,-0.0,0.0057,0.0,0.0,0.0,-0.0076
0.0,0.0,-3.574208974838257,7.738492488861084,-0.03333333507180214,0.20571428537368774,-3.550684928894043,7.9938178062438965,0.0,0.0,0.0,-0.0837,0.2,0.0,0.0,0.0,0.0,0.0,-0.0,0.0055,0.012,0.0,0.0,0.0
0.0,0.0,-3.574208974838257,7.724839687347412,-0.03333333507180214,0.20571428537368774,-3.550684928894043,7.972670078277588,0.0,0.0,0.0,-0.0819,0.0,0.0,0.0,-0.1269,0.0,0.0,-0.0,0.0054,-0.012,0.0,0.0,-0.0076
0.0,0.0,-3.574208974838257,7.711611747741699,-0.06666667014360428,0.20571428537368774,-3.550684928894043,7.972670078277588,0.0,0.0,0.0,-0.0794,-0.2,0.0,0.0,0.0,0.0,0.0,-0.0,0.0052,-0.012,0.0,0.0,0.0076
0.0,0.0,-3.5742087364196777,7.698794364929199,-0.06666667014360428,0.20571428537368774,-3.550684928894043,7.972670078277588,0.0,0.0,0.0,-0.0769,0.0,0.0,0.0,0.0,0.0,0.0,-0.0,0.0051,0.012,0.0,0.0,0.0
0.0,0.0,-3.5742087364196777,7.68618106842041,-0.06666667014360428,0.20571428537368774,-3.550684928894043,7.972670078277588,0.0,0.0,0.0,-0.0757,0.0,0.0,0.0,0.0,0.0,0.0,-0.0,0.0049,0.0,0.0,0.0,0.0
0.0,0.0,-3.5742087364196777,7.673847198486328,-0.06666667014360428,0.20571428537368774,-3.550684928894043,7.972670078277588,0.0,0.0,0.0,-0.074,0.0,0.0,0.0,0.0,0.0,0.0,-0.0,0.0048,0.0,0.0,0.0,0.0
0.0,0.0,-3.5742087364196777,7.661925315856934,-0.06666667014360428,0.20571428537368774,-3.550684928894043,7.972670078277588,0.0,0.0,0.0,-0.0715,0.0,0.0,0.0,0.0,0.0,0.0,-0.0,0.0047,0.0,0.0,0.0,0.0
0.0,0.0,-3.5742087364196777,7.650395393371582,-0.06666667014360428,0.20571428537368774,-3.550684928894043,7.972670078277588,0.0,0.0,0.0,-0.0692,0.0,0.0,0.0,0.0,0.0,0.0,-0.0,0.0046,0.0,0.0,0.0,0.0
0.0,0.0,-3.5742087364196777,7.639118671417236,-0.06666667014360428,0.20571428537368774,-3.550684928894043,7.972670078277588,0.0,0.0,0.0,-0.0677,0.0,0.0,0.0,0.0,0.0,0.0,-0.0,0.0044,0.0,0.0,0.0,0.0
0.0,0.0,-3.5742087364196777,7.628037452697754,-0.06666667014360428,0.20571428537368774,-3.550684928894043,7.972670078277588,0.0,0.0,0.0,-0.0665,0.0,0.0,0.0,0.0,0.0,0.0,-0.0,0.0043,0.0,0.0,0.0,0.0
0.0,0.0,-3.5742084980010986,7.617382049560547,-0.06666667014360428,0.20571428537368774,-3.550684928894043,7.972670078277588,0.0,0.0,0.0,-0.0639,0.0,0.0,0.0,0.0,0.0,0.0,-0.0,0.0042,0.0,0.0,0.0,0.0
0.0,0.0,-3.5742084980010986,7.606955051422119,-0.06666667014360428,0.20571428537368774,-3.550684928894043,7.507421493530273,0.0,0.0,0.0,-0.0626,0.0,0.0,0.0,-2.7916,0.0,0.0,-0.0,0.0041,0.0,0.0,0.0,-0.1675
